-- MySQL dump 10.13  Distrib 8.0.44, for Win64 (x86_64)
--
-- Host: 127.0.0.1    Database: airport_db
-- ------------------------------------------------------
-- Server version	8.0.44

/*!40101 SET @OLD_CHARACTER_SET_CLIENT=@@CHARACTER_SET_CLIENT */;
/*!40101 SET @OLD_CHARACTER_SET_RESULTS=@@CHARACTER_SET_RESULTS */;
/*!40101 SET @OLD_COLLATION_CONNECTION=@@COLLATION_CONNECTION */;
/*!50503 SET NAMES utf8 */;
/*!40103 SET @OLD_TIME_ZONE=@@TIME_ZONE */;
/*!40103 SET TIME_ZONE='+00:00' */;
/*!40014 SET @OLD_UNIQUE_CHECKS=@@UNIQUE_CHECKS, UNIQUE_CHECKS=0 */;
/*!40014 SET @OLD_FOREIGN_KEY_CHECKS=@@FOREIGN_KEY_CHECKS, FOREIGN_KEY_CHECKS=0 */;
/*!40101 SET @OLD_SQL_MODE=@@SQL_MODE, SQL_MODE='NO_AUTO_VALUE_ON_ZERO' */;
/*!40111 SET @OLD_SQL_NOTES=@@SQL_NOTES, SQL_NOTES=0 */;

--
-- Table structure for table `airline`
--

DROP TABLE IF EXISTS `airline`;
/*!40101 SET @saved_cs_client     = @@character_set_client */;
/*!50503 SET character_set_client = utf8mb4 */;
CREATE TABLE `airline` (
  `AIRLINE_ID` int NOT NULL,
  `UNIQUE_CARRIER` varchar(10) DEFAULT NULL,
  `UNIQUE_CARRIER_NAME` varchar(100) DEFAULT NULL,
  `UNIQUE_CARRIER_ENTITY` varchar(10) DEFAULT NULL,
  PRIMARY KEY (`AIRLINE_ID`)
) ENGINE=InnoDB DEFAULT CHARSET=utf8mb4 COLLATE=utf8mb4_0900_ai_ci;
/*!40101 SET character_set_client = @saved_cs_client */;

--
-- Dumping data for table `airline`
--

LOCK TABLES `airline` WRITE;
/*!40000 ALTER TABLE `airline` DISABLE KEYS */;
INSERT INTO `airline` VALUES (19977,'UA','United Air Lines Inc.','0A875'),(20007,'5Y','Atlas Air Inc.','06087'),(20046,'ZW','Air Wisconsin Airlines Corp','6024'),(20100,'PO','Polar Air Cargo Airways','06758'),(20195,'WI','Sky Lease Cargo','16884'),(20201,'AMQ','Ameristar Air Cargo','06055'),(20207,'XP','TEM Enterprises dba  Avelo Airlines','06144'),(20253,'9K','Hyannis Air Service, Inc. dba Cape Air','07021'),(20267,'GCH','Grand Canyon Helicopters','06933'),(20272,'KAH','Kenmore Air Harbor','06927'),(20330,'7S','Ryan Air f/k/a Arctic Transportation','06995'),(20342,'Q5','40-Mile Air','6999'),(20377,'X9','Omni Air International LLC','06738'),(20378,'YV','Mesa Airlines Inc.','06689'),(20405,'N8','National Air Cargo Group Inc d/ba National Airlines','07029'),(20445,'C5','CommuteAir LLC dba CommuteAir','06944'),(20452,'YX','Republic Airline','06003'),(21477,'VC','Via Airlines d/b/a Sterling Airways','1158'),(21618,'9X','Southern Airways Express, dba Mokulele Airlines','1168'),(21635,'LF','CFM Inc d/b/a Contour Airlines d/b/a One Jet Shuttle','01189'),(21652,'27Q','Jet Aviation Flight Services, Inc.','01194'),(21673,'JN','J&M Alaska Air Tours, Inc. d/b/a Alaska Air Transit','01932'),(21820,'K2','Paklook Air, Inc d/b/a/ Airlift Alaska d/b/a/ Yute Commuter Service','01212'),(21894,'AN','ADVANCED AIR, LLC','01229'),(22085,'GCA','Global Crossing Airlines, Inc.','01287'),(22105,'6F','FOX AIRCRAFT, LLC','1288');
/*!40000 ALTER TABLE `airline` ENABLE KEYS */;
UNLOCK TABLES;

--
-- Table structure for table `airport`
--

DROP TABLE IF EXISTS `airport`;
/*!40101 SET @saved_cs_client     = @@character_set_client */;
/*!50503 SET character_set_client = utf8mb4 */;
CREATE TABLE `airport` (
  `AIRPORT_ID` int NOT NULL,
  `AIRPORT_SEQ_ID` int DEFAULT NULL,
  `CITY_MARKET_ID` int DEFAULT NULL,
  `AIRPORT_CODE` varchar(10) DEFAULT NULL,
  `CITY_NAME` varchar(100) DEFAULT NULL,
  `STATE_ABR` char(2) DEFAULT NULL,
  `STATE_FIPS` int DEFAULT NULL,
  `STATE_NM` varchar(100) DEFAULT NULL,
  `WAC` int DEFAULT NULL,
  PRIMARY KEY (`AIRPORT_ID`)
) ENGINE=InnoDB DEFAULT CHARSET=utf8mb4 COLLATE=utf8mb4_0900_ai_ci;
/*!40101 SET character_set_client = @saved_cs_client */;

--
-- Dumping data for table `airport`
--

LOCK TABLES `airport` WRITE;
/*!40000 ALTER TABLE `airport` DISABLE KEYS */;
INSERT INTO `airport` VALUES (10011,1001104,30011,'1G4','Peach Springs','AZ',4,'Arizona',81),(10135,1013506,30135,'ABE','Allentown/Bethlehem/Easton','PA',42,'Pennsylvania',23),(10140,1014005,30140,'ABQ','Albuquerque','NM',35,'New Mexico',86),(10154,1015406,30154,'ACK','Nantucket','MA',25,'Massachusetts',13),(10194,1019408,30194,'AFW','Dallas/Fort Worth','TX',48,'Texas',74),(10241,1024102,30241,'AKI','Akiak','AK',2,'Alaska',1),(10257,1025702,30257,'ALB','Albany','NY',36,'New York',22),(10299,1029906,30299,'ANC','Anchorage','AK',2,'Alaska',1),(10304,1030402,30304,'ANI','Aniak','AK',2,'Alaska',1),(10372,1037205,30372,'ASE','Aspen','CO',8,'Colorado',82),(10423,1042302,30423,'AUS','Austin','TX',48,'Texas',74),(10434,1043405,30434,'AVP','Scranton/Wilkes-Barre','PA',42,'Pennsylvania',23),(10508,1050803,30508,'BCB','Blacksburg','VA',51,'Virginia',38),(10519,1051901,30519,'BCT','Boca Raton','FL',12,'Florida',33),(10529,1052907,30529,'BDL','Hartford','CT',9,'Connecticut',11),(10540,1054005,30540,'BED','Bedford','MA',25,'Massachusetts',13),(10551,1055102,30113,'BET','Bethel','AK',2,'Alaska',1),(10557,1055702,30557,'BFD','Bradford','PA',42,'Pennsylvania',23),(10559,1055902,30559,'BFI','Seattle','WA',53,'Washington',93),(10615,1061502,30615,'BIF','El Paso','TX',48,'Texas',74),(10654,1065402,30654,'BKW','Beckley','WV',54,'West Virginia',39),(10661,1066106,30661,'BLD','Boulder City','NV',32,'Nevada',85),(10693,1069302,30693,'BNA','Nashville','TN',47,'Tennessee',54),(10721,1072102,30721,'BOS','Boston','MA',25,'Massachusetts',13),(10732,1073203,30732,'BQN','Aguadilla','PR',72,'Puerto Rico',3),(10744,1074403,30744,'BRL','Burlington','IA',19,'Iowa',61),(10792,1079206,30792,'BUF','Buffalo','NY',36,'New York',22),(10800,1080003,32575,'BUR','Burbank','CA',6,'California',91),(10821,1082106,30852,'BWI','Baltimore','MD',24,'Maryland',35),(10849,1084907,30849,'BZN','Bozeman','MT',30,'Montana',84),(10868,1086803,30868,'CAE','Columbia','SC',45,'South Carolina',37),(10917,1091706,30082,'CDB','Cold Bay','AK',2,'Alaska',1),(10967,1096702,30967,'CGI','Cape Girardeau','MO',29,'Missouri',64),(10990,1099005,30990,'CHO','Charlottesville','VA',51,'Virginia',38),(10996,1099602,30996,'CHU','Chuathbaluk','AK',2,'Alaska',1),(11049,1104903,31049,'CLL','College Station/Bryan','TX',48,'Texas',74),(11057,1105703,31057,'CLT','Charlotte','NC',37,'North Carolina',36),(11066,1106606,31066,'CMH','Columbus','OH',39,'Ohio',44),(11123,1112301,31123,'CPS','St. Louis','MO',29,'Missouri',64),(11140,1114008,31140,'CRP','Corpus Christi','TX',48,'Texas',74),(11193,1119302,33105,'CVG','Cincinnati','KY',21,'Kentucky',52),(11227,1122706,31227,'CYF','Chefornak','AK',2,'Alaska',1),(11252,1125203,31252,'DAB','Daytona Beach','FL',12,'Florida',33),(11267,1126702,31267,'DAY','Dayton','OH',39,'Ohio',44),(11278,1127805,30852,'DCA','Washington','VA',51,'Virginia',38),(11292,1129202,30325,'DEN','Denver','CO',8,'Colorado',82),(11298,1129806,30194,'DFW','Dallas/Fort Worth','TX',48,'Texas',74),(11375,1137502,31375,'DOV','Dover','DE',10,'Delaware',31),(11430,1143006,31430,'DTO','Denton','TX',48,'Texas',74),(11433,1143302,31295,'DTW','Detroit','MI',26,'Michigan',43),(11463,1146302,31463,'EAA','Eagle','AK',2,'Alaska',1),(11492,1149202,31492,'EEK','Eek','AK',2,'Alaska',1),(11503,1150305,31503,'EGE','Eagle','CO',8,'Colorado',82),(11540,1154005,30615,'ELP','El Paso','TX',48,'Texas',74),(11618,1161802,31703,'EWR','Newark','NJ',34,'New Jersey',21),(11648,1164802,31648,'FCA','Kalispell','MT',30,'Montana',84),(11697,1169706,32467,'FLL','Fort Lauderdale','FL',12,'Florida',33),(11762,1176202,31646,'FRD','Friday Harbor','WA',53,'Washington',93),(11764,1176405,31764,'FRG','East Farmingdale','NY',36,'New York',22),(11834,1183403,31834,'FYV','Fayetteville','AR',5,'Arkansas',71),(11952,1195205,31952,'GNU','Goodnews Bay','AK',2,'Alaska',1),(11953,1195302,31953,'GNV','Gainesville','FL',12,'Florida',33),(11977,1197705,31977,'GRB','Green Bay','WI',55,'Wisconsin',45),(11996,1199603,31871,'GSP','Greer','SC',45,'South Carolina',37),(12012,1201206,32012,'GUC','Gunnison','CO',8,'Colorado',82),(12016,1201602,32016,'GUM','Guam','TT',75,'U.S. Pacific Trust Territories and Possessions',5),(12094,1209402,34699,'HDN','Hayden','CO',8,'Colorado',82),(12136,1213607,32136,'HIO','Hillsboro','OR',41,'Oregon',92),(12173,1217305,32134,'HNL','Honolulu','HI',15,'Hawaii',2),(12191,1219103,31453,'HOU','Houston','TX',48,'Texas',74),(12195,1219502,32195,'HPB','Hooper Bay','AK',2,'Alaska',1),(12197,1219702,31703,'HPN','White Plains','NY',36,'New York',22),(12206,1220605,32206,'HRL','Harlingen/San Benito','TX',48,'Texas',74),(12217,1221702,30255,'HSV','Huntsville','AL',1,'Alabama',51),(12244,1224404,32244,'HVN','New Haven','CT',9,'Connecticut',11),(12250,1225003,32250,'HYA','Hyannis','MA',25,'Massachusetts',13),(12264,1226402,30852,'IAD','Washington','VA',51,'Virginia',38),(12266,1226603,31453,'IAH','Houston','TX',48,'Texas',74),(12278,1227805,30928,'ICT','Wichita','KS',20,'Kansas',62),(12320,1232002,32320,'ILG','Wilmington','DE',10,'Delaware',31),(12339,1233904,32337,'IND','Indianapolis','IN',18,'Indiana',42),(12348,1234802,32348,'INT','Winston-Salem','NC',37,'North Carolina',36),(12363,1236305,32363,'IPL','El Centro','CA',6,'California',91),(12402,1240203,32402,'ITO','Hilo','HI',15,'Hawaii',2),(12448,1244807,32448,'JAN','Jackson/Vicksburg','MS',28,'Mississippi',53),(12451,1245102,31136,'JAX','Jacksonville','FL',12,'Florida',33),(12478,1247805,31703,'JFK','New York','NY',36,'New York',22),(12544,1254404,32544,'USA','Concord','NC',37,'North Carolina',36),(12574,1257404,30693,'TN8','Nashville','TN',47,'Tennessee',54),(12652,1265201,30559,'KEH','Kenmore','WA',53,'Washington',93),(12676,1267605,32676,'KGX','Grayling','AK',2,'Alaska',1),(12709,1270907,32709,'KKI','Akiachak','AK',2,'Alaska',1),(12769,1276902,32769,'KOT','Kotlik','AK',2,'Alaska',1),(12807,1280702,32807,'KSM','St. Mary\'s','AK',2,'Alaska',1),(12831,1283102,32831,'KUK','Kasigluk','AK',2,'Alaska',1),(12882,1288204,33195,'LAL','Lakeland','FL',12,'Florida',33),(12884,1288403,32884,'LAN','Lansing','MI',26,'Michigan',43),(12889,1288904,32211,'LAS','Las Vegas','NV',32,'Nevada',85),(12892,1289208,32575,'LAX','Los Angeles','CA',6,'California',91),(12945,1294503,32945,'LEX','Lexington','KY',21,'Kentucky',52),(12953,1295304,31703,'LGA','New York','NY',36,'New York',22),(12954,1295407,32575,'LGB','Long Beach','CA',6,'California',91),(12982,1298202,32982,'LIH','Lihue','HI',15,'Hawaii',2),(13002,1300201,30559,'LKE','Seattle','WA',53,'Washington',93),(13029,1302902,33029,'LNK','Lincoln','NE',31,'Nebraska',65),(13034,1303402,33034,'LNY','Lanai','HI',15,'Hawaii',2),(13055,1305502,33055,'LPS','Lopez Island','WA',53,'Washington',93),(13139,1313903,33139,'LYH','Lynchburg','VA',51,'Virginia',38),(13182,1318202,33182,'MBL','Manistee/Ludington','MI',26,'Michigan',43),(13204,1320402,31454,'MCO','Orlando','FL',12,'Florida',33),(13230,1323002,32070,'MDT','Harrisburg','PA',42,'Pennsylvania',23),(13232,1323202,30977,'MDW','Chicago','IL',17,'Illinois',41),(13256,1325603,33256,'MFE','Mission/McAllen/Edinburg','TX',48,'Texas',74),(13303,1330303,32467,'MIA','Miami','FL',12,'Florida',33),(13342,1334207,33342,'MKE','Milwaukee','WI',55,'Wisconsin',45),(13360,1336004,33360,'MLB','Melbourne','FL',12,'Florida',33),(13369,1336901,33369,'MLL','Marshall','AK',2,'Alaska',1),(13422,1342202,30562,'MOB','Mobile','AL',1,'Alabama',51),(13461,1346101,33461,'MQY','Smyrna','TN',47,'Tennessee',54),(13485,1348502,33485,'MSN','Madison','WI',55,'Wisconsin',45),(13486,1348603,33486,'MSO','Missoula','MT',30,'Montana',84),(13501,1350104,33501,'MTH','Marathon','FL',12,'Florida',33),(13541,1354102,33541,'MVY','Martha\'s Vineyard','MA',25,'Massachusetts',13),(13676,1367602,33676,'NIB','Nikolai','AK',2,'Alaska',1),(13710,1371005,33710,'NME','Nightmute','AK',2,'Alaska',1),(13770,1377002,33770,'NUP','Nunapitchuk','AK',2,'Alaska',1),(13796,1379610,32457,'OAK','Oakland','CA',6,'California',91),(13830,1383002,33830,'OGG','Kahului','HI',15,'Hawaii',2),(13851,1385103,33851,'OKC','Oklahoma City','OK',40,'Oklahoma',73),(13891,1389101,32575,'ONT','Ontario','CA',6,'California',91),(13894,1389402,33894,'OOK','Toksook','AK',2,'Alaska',1),(13898,1389806,32467,'OPF','Miami','FL',12,'Florida',33),(13930,1393008,30977,'ORD','Chicago','IL',17,'Illinois',41),(13931,1393102,33667,'ORF','Norfolk','VA',51,'Virginia',38),(13983,1398305,33983,'OWB','Owensboro','KY',21,'Kentucky',52),(14004,1400403,34004,'PAE','Everett','WA',53,'Washington',93),(14006,1400602,34006,'PAH','Paducah','KY',21,'Kentucky',52),(14027,1402702,34027,'PBI','West Palm Beach/Palm Beach','FL',12,'Florida',33),(14057,1405702,34057,'PDX','Portland','OR',41,'Oregon',92),(14100,1410005,34100,'PHL','Philadelphia','PA',42,'Pennsylvania',23),(14122,1412202,30198,'PIT','Pittsburgh','PA',42,'Pennsylvania',23),(14130,1413003,34130,'PKA','Napaskiak','AK',2,'Alaska',1),(14262,1426204,34262,'PSP','Palm Springs','CA',6,'California',91),(14306,1430604,34306,'PVC','Provincetown','MA',25,'Massachusetts',13),(14307,1430706,30721,'PVD','Providence','RI',44,'Rhode Island',15),(14320,1432004,30977,'PWK','Chicago','IL',17,'Illinois',41),(14477,1447701,34477,'RCE','Roche Harbor','WA',53,'Washington',93),(14489,1448903,34489,'RDM','Bend/Redmond','OR',41,'Oregon',92),(14492,1449202,34492,'RDU','Raleigh/Durham','NC',37,'North Carolina',36),(14493,1449302,34493,'RDV','Red Devil','AK',2,'Alaska',1),(14524,1452401,34524,'RIC','Richmond','VA',51,'Virginia',38),(14574,1457406,34574,'ROA','Roanoke','VA',51,'Virginia',38),(14576,1457607,34576,'ROC','Rochester','NY',36,'New York',22),(14627,1462702,34627,'RSH','Russian Mission','AK',2,'Alaska',1),(14635,1463502,31714,'RSW','Fort Myers','FL',12,'Florida',33),(14679,1467903,33570,'SAN','San Diego','CA',6,'California',91),(14683,1468305,33214,'SAT','San Antonio','TX',48,'Texas',74),(14685,1468502,34685,'SAV','Savannah','GA',13,'Georgia',34),(14689,1468902,34689,'SBA','Santa Barbara','CA',6,'California',91),(14691,1469103,34691,'SBD','San Bernardino','CA',6,'California',91),(14696,1469608,34696,'SBN','South Bend','IN',18,'Indiana',42),(14711,1471105,34711,'SCE','State College','PA',42,'Pennsylvania',23),(14718,1471802,34718,'SCM','Scammon Bay','AK',2,'Alaska',1),(14730,1473004,33044,'SDF','Louisville','KY',21,'Kentucky',52),(14738,1473802,34738,'SDP','Sandpoint','AK',2,'Alaska',1),(14747,1474703,30559,'SEA','Seattle','WA',53,'Washington',93),(14761,1476107,34761,'SFB','Sanford','FL',12,'Florida',33),(14771,1477104,32457,'SFO','San Francisco','CA',6,'California',91),(14831,1483106,32457,'SJC','San Jose','CA',6,'California',91),(14843,1484306,34819,'SJU','San Juan','PR',72,'Puerto Rico',3),(14880,1488002,34880,'SLQ','Sleetmute','AK',2,'Alaska',1),(14908,1490803,32575,'SNA','Santa Ana','CA',6,'California',91),(14955,1495503,34955,'SPN','Saipan','TT',75,'U.S. Pacific Trust Territories and Possessions',5),(14986,1498603,34986,'SRQ','Sarasota/Bradenton','FL',12,'Florida',33),(15030,1503002,35030,'SUA','Stuart','FL',12,'Florida',33),(15074,1507402,35074,'SWO','Stillwater','OK',40,'Oklahoma',73),(15085,1508505,35085,'SXP','Sheldon Point','AK',2,'Alaska',1),(15096,1509602,35096,'SYR','Syracuse','NY',36,'New York',22),(15160,1516006,35160,'TCT','Takotna','AK',2,'Alaska',1),(15167,1516702,35167,'TEB','Teterboro','NJ',34,'New Jersey',21),(15220,1522002,31979,'TIW','Tacoma','WA',53,'Washington',93),(15236,1523602,35236,'TKJ','Tok','AK',2,'Alaska',1),(15257,1525706,35257,'TLT','Tuluksak','AK',2,'Alaska',1),(15304,1530402,33195,'TPA','Tampa','FL',12,'Florida',33),(15346,1534602,31703,'TSS','New York','NY',36,'New York',22),(15370,1537002,34653,'TUL','Tulsa','OK',40,'Oklahoma',73),(15374,1537405,35374,'TUP','Tupelo','MS',28,'Mississippi',53),(15380,1538005,35380,'TVC','Traverse City','MI',26,'Michigan',43),(15412,1541206,35412,'TYS','Knoxville','TN',47,'Tennessee',54),(15447,1544705,35447,'UGN','Waukegan','IL',17,'Illinois',41),(15554,1555402,35554,'VAK','Chevak','AK',2,'Alaska',1),(15798,1579802,35798,'WNA','Napakiak','AK',2,'Alaska',1),(15887,1588703,35887,'WWT','Newtok','AK',2,'Alaska',1),(16091,1609106,31295,'YIP','Detroit','MI',26,'Michigan',43),(16101,1610102,36101,'YKM','Yakima','WA',53,'Washington',93),(16755,1675503,30194,'T8X','Dallas','TX',48,'Texas',74);
/*!40000 ALTER TABLE `airport` ENABLE KEYS */;
UNLOCK TABLES;

--
-- Table structure for table `airport_project_data`
--

DROP TABLE IF EXISTS `airport_project_data`;
/*!40101 SET @saved_cs_client     = @@character_set_client */;
/*!50503 SET character_set_client = utf8mb4 */;
CREATE TABLE `airport_project_data` (
  `PASSENGERS` double DEFAULT NULL,
  `FREIGHT` text,
  `MAIL` double DEFAULT NULL,
  `DISTANCE` double DEFAULT NULL,
  `UNIQUE_CARRIER` text,
  `AIRLINE_ID` int DEFAULT NULL,
  `UNIQUE_CARRIER_NAME` text,
  `UNIQUE_CARRIER_ENTITY` text,
  `REGION` text,
  `CARRIER` text,
  `CARRIER_NAME` text,
  `CARRIER_GROUP` int DEFAULT NULL,
  `CARRIER_GROUP_NEW` int DEFAULT NULL,
  `ORIGIN_AIRPORT_ID` int DEFAULT NULL,
  `ORIGIN_AIRPORT_SEQ_ID` int DEFAULT NULL,
  `ORIGIN_CITY_MARKET_ID` int DEFAULT NULL,
  `ORIGIN` text,
  `ORIGIN_CITY_NAME` text,
  `ORIGIN_STATE_ABR` text,
  `ORIGIN_STATE_FIPS` text,
  `ORIGIN_STATE_NM` text,
  `ORIGIN_WAC` int DEFAULT NULL,
  `DEST_AIRPORT_ID` int DEFAULT NULL,
  `DEST_AIRPORT_SEQ_ID` int DEFAULT NULL,
  `DEST_CITY_MARKET_ID` int DEFAULT NULL,
  `DEST` text,
  `DEST_CITY_NAME` text,
  `DEST_STATE_ABR` text,
  `DEST_STATE_FIPS` text,
  `DEST_STATE_NM` text,
  `DEST_WAC` int DEFAULT NULL,
  `YEAR` int DEFAULT NULL,
  `QUARTER` int DEFAULT NULL,
  `MONTH` int DEFAULT NULL,
  `DISTANCE_GROUP` int DEFAULT NULL,
  `CLASS` text
) ENGINE=InnoDB DEFAULT CHARSET=utf8mb4 COLLATE=utf8mb4_0900_ai_ci;
/*!40101 SET character_set_client = @saved_cs_client */;

--
-- Dumping data for table `airport_project_data`
--

LOCK TABLES `airport_project_data` WRITE;
/*!40000 ALTER TABLE `airport_project_data` DISABLE KEYS */;
INSERT INTO `airport_project_data` VALUES (0,'',0,24,'YV',20378,'Mesa Airlines Inc.','06689','D','YV','Mesa Airlines Inc.',2,2,12191,1219103,31453,'HOU','Houston, TX','TX','48','Texas',74,12266,1226603,31453,'IAH','Houston, TX','TX','48','Texas',74,2025,1,1,1,'F'),(0,'',0,141,'YV',20378,'Mesa Airlines Inc.','06689','D','YV','Mesa Airlines Inc.',2,2,11292,1129202,30325,'DEN','Denver, CO','CO','08','Colorado',82,12094,1209402,34699,'HDN','Hayden, CO','CO','08','Colorado',82,2025,1,1,1,'F'),(0,'',0,152,'YV',20378,'Mesa Airlines Inc.','06689','D','YV','Mesa Airlines Inc.',2,2,11292,1129202,30325,'DEN','Denver, CO','CO','08','Colorado',82,12012,1201206,32012,'GUC','Gunnison, CO','CO','08','Colorado',82,2025,1,1,1,'F'),(0,'',0,156,'YV',20378,'Mesa Airlines Inc.','06689','D','YV','Mesa Airlines Inc.',2,2,13851,1385103,33851,'OKC','Oklahoma City, OK','OK','40','Oklahoma',73,12278,1227805,30928,'ICT','Wichita, KS','KS','20','Kansas',62,2025,1,1,1,'F'),(0,'',0,167,'YV',20378,'Mesa Airlines Inc.','06689','D','YV','Mesa Airlines Inc.',2,2,11140,1114008,31140,'CRP','Corpus Christi, TX','TX','48','Texas',74,10423,1042302,30423,'AUS','Austin, TX','TX','48','Texas',74,2025,1,1,1,'F'),(0,'0.00',0,0,'5Y',20007,'Atlas Air Inc.','06087','D','5Y','Atlas Air Inc.',3,3,10821,1082106,30852,'BWI','Baltimore, MD','MD','24','Maryland',35,10821,1082106,30852,'BWI','Baltimore, MD','MD','24','Maryland',35,2025,1,1,1,'L'),(0,'0.00',0,0,'5Y',20007,'Atlas Air Inc.','06087','D','5Y','Atlas Air Inc.',3,3,11375,1137502,31375,'DOV','Dover, DE','DE','10','Delaware',31,11375,1137502,31375,'DOV','Dover, DE','DE','10','Delaware',31,2025,1,1,1,'P'),(0,'0.00',0,0,'5Y',20007,'Atlas Air Inc.','06087','D','5Y','Atlas Air Inc.',3,3,11433,1143302,31295,'DTW','Detroit, MI','MI','26','Michigan',43,11433,1143302,31295,'DTW','Detroit, MI','MI','26','Michigan',43,2025,1,1,1,'L'),(0,'0.00',0,0,'5Y',20007,'Atlas Air Inc.','06087','D','5Y','Atlas Air Inc.',3,3,12892,1289208,32575,'LAX','Los Angeles, CA','CA','06','California',91,12892,1289208,32575,'LAX','Los Angeles, CA','CA','06','California',91,2025,1,1,1,'P'),(0,'0.00',0,0,'5Y',20007,'Atlas Air Inc.','06087','D','5Y','Atlas Air Inc.',3,3,13360,1336004,33360,'MLB','Melbourne, FL','FL','12','Florida',33,13360,1336004,33360,'MLB','Melbourne, FL','FL','12','Florida',33,2025,1,1,1,'P'),(0,'0.00',0,0,'7S',20330,'Ryan Air f/k/a Arctic Transportation','06995','D','7S','Ryan Air f/k/a Arctic Transportation',1,5,10299,1029906,30299,'ANC','Anchorage, AK','AK','02','Alaska',1,10299,1029906,30299,'ANC','Anchorage, AK','AK','02','Alaska',1,2025,1,1,1,'G'),(0,'0.00',0,0,'AMQ',20201,'Ameristar Air Cargo','06055','D','AMQ','Ameristar Air Cargo',1,4,11540,1154005,30615,'ELP','El Paso, TX','TX','48','Texas',74,11540,1154005,30615,'ELP','El Paso, TX','TX','48','Texas',74,2025,1,1,1,'P'),(0,'0.00',0,0,'AN',21894,'ADVANCED AIR, LLC','01229','D','AN','ADVANCED AIR, LLC',1,6,10140,1014005,30140,'ABQ','Albuquerque, NM','NM','35','New Mexico',86,10140,1014005,30140,'ABQ','Albuquerque, NM','NM','35','New Mexico',86,2025,1,1,1,'F'),(0,'0.00',0,0,'C5',20445,'CommuteAir LLC dba CommuteAir','06944','D','C5','CommuteAir LLC dba CommuteAir',2,2,12266,1226603,31453,'IAH','Houston, TX','TX','48','Texas',74,12266,1226603,31453,'IAH','Houston, TX','TX','48','Texas',74,2025,1,1,1,'F'),(0,'0.00',0,0,'C5',20445,'CommuteAir LLC dba CommuteAir','06944','D','C5','CommuteAir LLC dba CommuteAir',2,2,13029,1302902,33029,'LNK','Lincoln, NE','NE','31','Nebraska',65,13029,1302902,33029,'LNK','Lincoln, NE','NE','31','Nebraska',65,2025,1,1,1,'F'),(0,'0.00',0,0,'K2',21820,'Paklook Air, Inc d/b/a/ Airlift Alaska d/b/a/ Yute Commuter Service','01212','D','K2','Paklook Air, Inc d/b/a/ Airlift Alaska d/b/a/ Yute Commuter Service',1,5,10304,1030402,30304,'ANI','Aniak, AK','AK','02','Alaska',1,10304,1030402,30304,'ANI','Aniak, AK','AK','02','Alaska',1,2025,1,1,1,'F'),(0,'0.00',0,0,'K2',21820,'Paklook Air, Inc d/b/a/ Airlift Alaska d/b/a/ Yute Commuter Service','01212','D','K2','Paklook Air, Inc d/b/a/ Airlift Alaska d/b/a/ Yute Commuter Service',1,5,12807,1280702,32807,'KSM','St. Mary\'s, AK','AK','02','Alaska',1,12807,1280702,32807,'KSM','St. Mary\'s, AK','AK','02','Alaska',1,2025,1,1,1,'F'),(0,'0.00',0,0,'LF',21635,'CFM Inc d/b/a Contour Airlines d/b/a One Jet Shuttle','01189','D','LF','CFM Inc d/b/a Contour Airlines d/b/a One Jet Shuttle',1,6,11697,1169706,32467,'FLL','Fort Lauderdale, FL','FL','12','Florida',33,11697,1169706,32467,'FLL','Fort Lauderdale, FL','FL','12','Florida',33,2025,1,1,1,'L'),(0,'0.00',0,0,'LF',21635,'CFM Inc d/b/a Contour Airlines d/b/a One Jet Shuttle','01189','D','LF','CFM Inc d/b/a Contour Airlines d/b/a One Jet Shuttle',1,6,13182,1318202,33182,'MBL','Manistee/Ludington, MI','MI','26','Michigan',43,13182,1318202,33182,'MBL','Manistee/Ludington, MI','MI','26','Michigan',43,2025,1,1,1,'L'),(0,'0.00',0,0,'LF',21635,'CFM Inc d/b/a Contour Airlines d/b/a One Jet Shuttle','01189','D','LF','CFM Inc d/b/a Contour Airlines d/b/a One Jet Shuttle',1,6,13898,1389806,32467,'OPF','Miami, FL','FL','12','Florida',33,13898,1389806,32467,'OPF','Miami, FL','FL','12','Florida',33,2025,1,1,1,'L'),(0,'0.00',0,0,'PO',20100,'Polar Air Cargo Airways','06758','D','PO','Polar Air Cargo Airways',3,3,11193,1119302,33105,'CVG','Cincinnati, OH','KY','21','Kentucky',52,11193,1119302,33105,'CVG','Cincinnati, OH','KY','21','Kentucky',52,2025,1,1,1,'P'),(0,'0.00',0,0,'X9',20377,'Omni Air International LLC','06738','D','X9','Omni Air International LLC',2,2,10194,1019408,30194,'AFW','Dallas/Fort Worth, TX','TX','48','Texas',74,10194,1019408,30194,'AFW','Dallas/Fort Worth, TX','TX','48','Texas',74,2025,1,1,1,'L'),(0,'0.00',0,0,'X9',20377,'Omni Air International LLC','06738','D','X9','Omni Air International LLC',2,2,14747,1474703,30559,'SEA','Seattle, WA','WA','53','Washington',93,14747,1474703,30559,'SEA','Seattle, WA','WA','53','Washington',93,2025,1,1,1,'L'),(0,'0.00',0,0,'XP',20207,'TEM Enterprises dba  Avelo Airlines','06144','D','XP','TEM Enterprises dba  Avelo Airlines',2,2,10529,1052907,30529,'BDL','Hartford, CT','CT','09','Connecticut',11,10529,1052907,30529,'BDL','Hartford, CT','CT','09','Connecticut',11,2025,1,1,1,'L'),(0,'0.00',0,3,'N8',20405,'National Air Cargo Group Inc d/ba National Airlines','07029','D','N8','National Air Cargo Group Inc d/ba National Airlines',2,2,10615,1061502,30615,'BIF','El Paso, TX','TX','48','Texas',74,11540,1154005,30615,'ELP','El Paso, TX','TX','48','Texas',74,2025,1,1,1,'L'),(0,'0.00',0,8,'KAH',20272,'Kenmore Air Harbor','06927','D','KAH','Kenmore Air Harbor',1,6,11762,1176202,31646,'FRD','Friday Harbor, WA','WA','53','Washington',93,14477,1447701,34477,'RCE','Roche Harbor, WA','WA','53','Washington',93,2025,1,1,1,'L'),(0,'0.00',0,9,'27Q',21652,'Jet Aviation Flight Services, Inc.','01194','D','27Q','Jet Aviation Flight Services, Inc.',2,2,15167,1516702,35167,'TEB','Teterboro, NJ','NJ','34','New Jersey',21,15346,1534602,31703,'TSS','New York, NY','NY','36','New York',22,2025,1,1,1,'L'),(0,'0.00',0,9,'KAH',20272,'Kenmore Air Harbor','06927','D','KAH','Kenmore Air Harbor',1,6,12652,1265201,30559,'KEH','Kenmore, WA','WA','53','Washington',93,13002,1300201,30559,'LKE','Seattle, WA','WA','53','Washington',93,2025,1,1,1,'L'),(0,'0.00',0,9,'KAH',20272,'Kenmore Air Harbor','06927','D','KAH','Kenmore Air Harbor',1,6,13002,1300201,30559,'LKE','Seattle, WA','WA','53','Washington',93,12652,1265201,30559,'KEH','Kenmore, WA','WA','53','Washington',93,2025,1,1,1,'L'),(0,'0.00',0,11,'YX',20452,'Republic Airline','06003','D','YX','Republic Airline',3,3,12478,1247805,31703,'JFK','New York, NY','NY','36','New York',22,12953,1295304,31703,'LGA','New York, NY','NY','36','New York',22,2025,1,1,1,'F'),(0,'0.00',0,12,'LF',21635,'CFM Inc d/b/a Contour Airlines d/b/a One Jet Shuttle','01189','D','LF','CFM Inc d/b/a Contour Airlines d/b/a One Jet Shuttle',1,6,10693,1069302,30693,'BNA','Nashville, TN','TN','47','Tennessee',54,12574,1257404,30693,'TN8','Nashville, TN','TN','47','Tennessee',54,2025,1,1,1,'L'),(0,'0.00',0,12,'LF',21635,'CFM Inc d/b/a Contour Airlines d/b/a One Jet Shuttle','01189','D','LF','CFM Inc d/b/a Contour Airlines d/b/a One Jet Shuttle',1,6,10693,1069302,30693,'BNA','Nashville, TN','TN','47','Tennessee',54,13461,1346101,33461,'MQY','Smyrna, TN','TN','47','Tennessee',54,2025,1,1,1,'L'),(0,'0.00',0,12,'LF',21635,'CFM Inc d/b/a Contour Airlines d/b/a One Jet Shuttle','01189','D','LF','CFM Inc d/b/a Contour Airlines d/b/a One Jet Shuttle',1,6,13461,1346101,33461,'MQY','Smyrna, TN','TN','47','Tennessee',54,10693,1069302,30693,'BNA','Nashville, TN','TN','47','Tennessee',54,2025,1,1,1,'L'),(0,'0.00',0,14,'27Q',21652,'Jet Aviation Flight Services, Inc.','01194','D','27Q','Jet Aviation Flight Services, Inc.',2,2,13898,1389806,32467,'OPF','Miami, FL','FL','12','Florida',33,11697,1169706,32467,'FLL','Fort Lauderdale, FL','FL','12','Florida',33,2025,1,1,1,'L'),(0,'0.00',0,14,'K2',21820,'Paklook Air, Inc d/b/a/ Airlift Alaska d/b/a/ Yute Commuter Service','01212','D','K2','Paklook Air, Inc d/b/a/ Airlift Alaska d/b/a/ Yute Commuter Service',1,5,13710,1371005,33710,'NME','Nightmute, AK','AK','02','Alaska',1,13894,1389402,33894,'OOK','Toksook, AK','AK','02','Alaska',1,2025,1,1,1,'F'),(0,'0.00',0,14,'LF',21635,'CFM Inc d/b/a Contour Airlines d/b/a One Jet Shuttle','01189','D','LF','CFM Inc d/b/a Contour Airlines d/b/a One Jet Shuttle',1,6,13898,1389806,32467,'OPF','Miami, FL','FL','12','Florida',33,11697,1169706,32467,'FLL','Fort Lauderdale, FL','FL','12','Florida',33,2025,1,1,1,'L'),(0,'0.00',0,17,'27Q',21652,'Jet Aviation Flight Services, Inc.','01194','D','27Q','Jet Aviation Flight Services, Inc.',2,2,12892,1289208,32575,'LAX','Los Angeles, CA','CA','06','California',91,12954,1295407,32575,'LGB','Long Beach, CA','CA','06','California',91,2025,1,1,1,'L'),(0,'0.00',0,18,'UA',19977,'United Air Lines Inc.','0A875','D','UA','United Air Lines Inc.',3,3,12892,1289208,32575,'LAX','Los Angeles, CA','CA','06','California',91,10800,1080003,32575,'BUR','Burbank, CA','CA','06','California',91,2025,1,1,1,'F'),(0,'0.00',0,21,'GCA',22085,'Global Crossing Airlines, Inc.','01287','D','GCA','Global Crossing Airlines, Inc.',2,2,11697,1169706,32467,'FLL','Fort Lauderdale, FL','FL','12','Florida',33,13303,1330303,32467,'MIA','Miami, FL','FL','12','Florida',33,2025,1,1,1,'L'),(0,'0.00',0,21,'GCA',22085,'Global Crossing Airlines, Inc.','01287','D','GCA','Global Crossing Airlines, Inc.',2,2,13303,1330303,32467,'MIA','Miami, FL','FL','12','Florida',33,11697,1169706,32467,'FLL','Fort Lauderdale, FL','FL','12','Florida',33,2025,1,1,1,'L'),(0,'0.00',0,22,'K2',21820,'Paklook Air, Inc d/b/a/ Airlift Alaska d/b/a/ Yute Commuter Service','01212','D','K2','Paklook Air, Inc d/b/a/ Airlift Alaska d/b/a/ Yute Commuter Service',1,5,10551,1055102,30113,'BET','Bethel, AK','AK','02','Alaska',1,13770,1377002,33770,'NUP','Nunapitchuk, AK','AK','02','Alaska',1,2025,1,1,1,'L'),(0,'0.00',0,22,'K2',21820,'Paklook Air, Inc d/b/a/ Airlift Alaska d/b/a/ Yute Commuter Service','01212','D','K2','Paklook Air, Inc d/b/a/ Airlift Alaska d/b/a/ Yute Commuter Service',1,5,13770,1377002,33770,'NUP','Nunapitchuk, AK','AK','02','Alaska',1,10551,1055102,30113,'BET','Bethel, AK','AK','02','Alaska',1,2025,1,1,1,'L'),(0,'0.00',0,24,'27Q',21652,'Jet Aviation Flight Services, Inc.','01194','D','27Q','Jet Aviation Flight Services, Inc.',2,2,12197,1219702,31703,'HPN','White Plains, NY','NY','36','New York',22,15167,1516702,35167,'TEB','Teterboro, NJ','NJ','34','New Jersey',21,2025,1,1,1,'L'),(0,'0.00',0,24,'27Q',21652,'Jet Aviation Flight Services, Inc.','01194','D','27Q','Jet Aviation Flight Services, Inc.',2,2,13232,1323202,30977,'MDW','Chicago, IL','IL','17','Illinois',41,14320,1432004,30977,'PWK','Chicago, IL','IL','17','Illinois',41,2025,1,1,1,'L'),(0,'0.00',0,24,'27Q',21652,'Jet Aviation Flight Services, Inc.','01194','D','27Q','Jet Aviation Flight Services, Inc.',2,2,14320,1432004,30977,'PWK','Chicago, IL','IL','17','Illinois',41,13232,1323202,30977,'MDW','Chicago, IL','IL','17','Illinois',41,2025,1,1,1,'L'),(0,'0.00',0,24,'27Q',21652,'Jet Aviation Flight Services, Inc.','01194','D','27Q','Jet Aviation Flight Services, Inc.',2,2,15167,1516702,35167,'TEB','Teterboro, NJ','NJ','34','New Jersey',21,12197,1219702,31703,'HPN','White Plains, NY','NY','36','New York',22,2025,1,1,1,'L'),(0,'0.00',0,24,'GCA',22085,'Global Crossing Airlines, Inc.','01287','D','GCA','Global Crossing Airlines, Inc.',2,2,14761,1476107,34761,'SFB','Sanford, FL','FL','12','Florida',33,13204,1320402,31454,'MCO','Orlando, FL','FL','12','Florida',33,2025,1,1,1,'L'),(0,'0.00',0,24,'K2',21820,'Paklook Air, Inc d/b/a/ Airlift Alaska d/b/a/ Yute Commuter Service','01212','D','K2','Paklook Air, Inc d/b/a/ Airlift Alaska d/b/a/ Yute Commuter Service',1,5,10551,1055102,30113,'BET','Bethel, AK','AK','02','Alaska',1,12831,1283102,32831,'KUK','Kasigluk, AK','AK','02','Alaska',1,2025,1,1,1,'L'),(0,'0.00',0,24,'LF',21635,'CFM Inc d/b/a Contour Airlines d/b/a One Jet Shuttle','01189','D','LF','CFM Inc d/b/a Contour Airlines d/b/a One Jet Shuttle',1,6,12197,1219702,31703,'HPN','White Plains, NY','NY','36','New York',22,15167,1516702,35167,'TEB','Teterboro, NJ','NJ','34','New Jersey',21,2025,1,1,1,'L'),(0,'0.00',0,24,'LF',21635,'CFM Inc d/b/a Contour Airlines d/b/a One Jet Shuttle','01189','D','LF','CFM Inc d/b/a Contour Airlines d/b/a One Jet Shuttle',1,6,12574,1257404,30693,'TN8','Nashville, TN','TN','47','Tennessee',54,13461,1346101,33461,'MQY','Smyrna, TN','TN','47','Tennessee',54,2025,1,1,1,'L'),(0,'0.00',0,24,'YX',20452,'Republic Airline','06003','D','YX','Republic Airline',3,3,12264,1226402,30852,'IAD','Washington, DC','VA','51','Virginia',38,11278,1127805,30852,'DCA','Washington, DC','VA','51','Virginia',38,2025,1,1,1,'F'),(0,'0.00',0,25,'K2',21820,'Paklook Air, Inc d/b/a/ Airlift Alaska d/b/a/ Yute Commuter Service','01212','D','K2','Paklook Air, Inc d/b/a/ Airlift Alaska d/b/a/ Yute Commuter Service',1,5,13710,1371005,33710,'NME','Nightmute, AK','AK','02','Alaska',1,15887,1588703,35887,'WWT','Newtok, AK','AK','02','Alaska',1,2025,1,1,1,'F'),(0,'0.00',0,26,'KAH',20272,'Kenmore Air Harbor','06927','D','KAH','Kenmore Air Harbor',1,6,10559,1055902,30559,'BFI','Seattle, WA','WA','53','Washington',93,14004,1400403,34004,'PAE','Everett, WA','WA','53','Washington',93,2025,1,1,1,'F'),(0,'0.00',0,26,'KAH',20272,'Kenmore Air Harbor','06927','D','KAH','Kenmore Air Harbor',1,6,10559,1055902,30559,'BFI','Seattle, WA','WA','53','Washington',93,14004,1400403,34004,'PAE','Everett, WA','WA','53','Washington',93,2025,1,1,1,'L'),(0,'0.00',0,26,'KAH',20272,'Kenmore Air Harbor','06927','D','KAH','Kenmore Air Harbor',1,6,14004,1400403,34004,'PAE','Everett, WA','WA','53','Washington',93,10559,1055902,30559,'BFI','Seattle, WA','WA','53','Washington',93,2025,1,1,1,'F'),(0,'0.00',0,26,'KAH',20272,'Kenmore Air Harbor','06927','D','KAH','Kenmore Air Harbor',1,6,14004,1400403,34004,'PAE','Everett, WA','WA','53','Washington',93,10559,1055902,30559,'BFI','Seattle, WA','WA','53','Washington',93,2025,1,1,1,'L'),(0,'0.00',0,28,'LF',21635,'CFM Inc d/b/a Contour Airlines d/b/a One Jet Shuttle','01189','D','LF','CFM Inc d/b/a Contour Airlines d/b/a One Jet Shuttle',1,6,11764,1176405,31764,'FRG','East Farmingdale, NY','NY','36','New York',22,12197,1219702,31703,'HPN','White Plains, NY','NY','36','New York',22,2025,1,1,1,'L'),(0,'0.00',0,29,'27Q',21652,'Jet Aviation Flight Services, Inc.','01194','D','27Q','Jet Aviation Flight Services, Inc.',2,2,14831,1483106,32457,'SJC','San Jose, CA','CA','06','California',91,13796,1379610,32457,'OAK','Oakland, CA','CA','06','California',91,2025,1,1,1,'L'),(0,'0.00',0,29,'K2',21820,'Paklook Air, Inc d/b/a/ Airlift Alaska d/b/a/ Yute Commuter Service','01212','D','K2','Paklook Air, Inc d/b/a/ Airlift Alaska d/b/a/ Yute Commuter Service',1,5,15798,1579802,35798,'WNA','Napakiak, AK','AK','02','Alaska',1,10241,1024102,30241,'AKI','Akiak, AK','AK','02','Alaska',1,2025,1,1,1,'F'),(0,'0.00',0,30,'UA',19977,'United Air Lines Inc.','0A875','D','UA','United Air Lines Inc.',3,3,14831,1483106,32457,'SJC','San Jose, CA','CA','06','California',91,14771,1477104,32457,'SFO','San Francisco, CA','CA','06','California',91,2025,1,1,1,'F'),(0,'0.00',0,30,'YX',20452,'Republic Airline','06003','D','YX','Republic Airline',3,3,10821,1082106,30852,'BWI','Baltimore, MD','MD','24','Maryland',35,11278,1127805,30852,'DCA','Washington, DC','VA','51','Virginia',38,2025,1,1,1,'F'),(0,'0.00',0,31,'XP',20207,'TEM Enterprises dba  Avelo Airlines','06144','D','XP','TEM Enterprises dba  Avelo Airlines',2,2,12882,1288204,33195,'LAL','Lakeland, FL','FL','12','Florida',33,15304,1530402,33195,'TPA','Tampa, FL','FL','12','Florida',33,2025,1,1,1,'L'),(0,'0.00',0,31,'XP',20207,'TEM Enterprises dba  Avelo Airlines','06144','D','XP','TEM Enterprises dba  Avelo Airlines',2,2,15304,1530402,33195,'TPA','Tampa, FL','FL','12','Florida',33,12882,1288204,33195,'LAL','Lakeland, FL','FL','12','Florida',33,2025,1,1,1,'L'),(0,'0.00',0,33,'K2',21820,'Paklook Air, Inc d/b/a/ Airlift Alaska d/b/a/ Yute Commuter Service','01212','D','K2','Paklook Air, Inc d/b/a/ Airlift Alaska d/b/a/ Yute Commuter Service',1,5,11492,1149202,31492,'EEK','Eek, AK','AK','02','Alaska',1,15798,1579802,35798,'WNA','Napakiak, AK','AK','02','Alaska',1,2025,1,1,1,'F'),(0,'0.00',0,35,'27Q',21652,'Jet Aviation Flight Services, Inc.','01194','D','27Q','Jet Aviation Flight Services, Inc.',2,2,13034,1303402,33034,'LNY','Lanai, HI','HI','15','Hawaii',2,13830,1383002,33830,'OGG','Kahului, HI','HI','15','Hawaii',2,2025,1,1,1,'L'),(0,'0.00',0,36,'C5',20445,'CommuteAir LLC dba CommuteAir','06944','D','C5','CommuteAir LLC dba CommuteAir',2,2,12206,1220605,32206,'HRL','Harlingen/San Benito, TX','TX','48','Texas',74,13256,1325603,33256,'MFE','Mission/McAllen/Edinburg, TX','TX','48','Texas',74,2025,1,1,1,'F'),(0,'0.00',0,36,'UA',19977,'United Air Lines Inc.','0A875','D','UA','United Air Lines Inc.',3,3,12892,1289208,32575,'LAX','Los Angeles, CA','CA','06','California',91,14908,1490803,32575,'SNA','Santa Ana, CA','CA','06','California',91,2025,1,1,1,'F'),(0,'0.00',0,36,'UA',19977,'United Air Lines Inc.','0A875','D','UA','United Air Lines Inc.',3,3,14908,1490803,32575,'SNA','Santa Ana, CA','CA','06','California',91,12892,1289208,32575,'LAX','Los Angeles, CA','CA','06','California',91,2025,1,1,1,'F'),(0,'0.00',0,37,'KAH',20272,'Kenmore Air Harbor','06927','D','KAH','Kenmore Air Harbor',1,6,12652,1265201,30559,'KEH','Kenmore, WA','WA','53','Washington',93,15220,1522002,31979,'TIW','Tacoma, WA','WA','53','Washington',93,2025,1,1,1,'L'),(0,'0.00',0,37,'KAH',20272,'Kenmore Air Harbor','06927','D','KAH','Kenmore Air Harbor',1,6,15220,1522002,31979,'TIW','Tacoma, WA','WA','53','Washington',93,12652,1265201,30559,'KEH','Kenmore, WA','WA','53','Washington',93,2025,1,1,1,'L'),(0,'0.00',0,39,'K2',21820,'Paklook Air, Inc d/b/a/ Airlift Alaska d/b/a/ Yute Commuter Service','01212','D','K2','Paklook Air, Inc d/b/a/ Airlift Alaska d/b/a/ Yute Commuter Service',1,5,14130,1413003,34130,'PKA','Napaskiak, AK','AK','02','Alaska',1,15257,1525706,35257,'TLT','Tuluksak, AK','AK','02','Alaska',1,2025,1,1,1,'F'),(0,'0.00',0,40,'UA',19977,'United Air Lines Inc.','0A875','D','UA','United Air Lines Inc.',3,3,15304,1530402,33195,'TPA','Tampa, FL','FL','12','Florida',33,14986,1498603,34986,'SRQ','Sarasota/Bradenton, FL','FL','12','Florida',33,2025,1,1,1,'F'),(0,'0.00',0,42,'LF',21635,'CFM Inc d/b/a Contour Airlines d/b/a One Jet Shuttle','01189','D','LF','CFM Inc d/b/a Contour Airlines d/b/a One Jet Shuttle',1,6,11697,1169706,32467,'FLL','Fort Lauderdale, FL','FL','12','Florida',33,14027,1402702,34027,'PBI','West Palm Beach/Palm Beach, FL','FL','12','Florida',33,2025,1,1,1,'L'),(0,'0.00',0,42,'LF',21635,'CFM Inc d/b/a Contour Airlines d/b/a One Jet Shuttle','01189','D','LF','CFM Inc d/b/a Contour Airlines d/b/a One Jet Shuttle',1,6,14027,1402702,34027,'PBI','West Palm Beach/Palm Beach, FL','FL','12','Florida',33,11697,1169706,32467,'FLL','Fort Lauderdale, FL','FL','12','Florida',33,2025,1,1,1,'L'),(0,'0.00',0,44,'27Q',21652,'Jet Aviation Flight Services, Inc.','01194','D','27Q','Jet Aviation Flight Services, Inc.',2,2,13232,1323202,30977,'MDW','Chicago, IL','IL','17','Illinois',41,15447,1544705,35447,'UGN','Waukegan, IL','IL','17','Illinois',41,2025,1,1,1,'L'),(0,'0.00',0,44,'27Q',21652,'Jet Aviation Flight Services, Inc.','01194','D','27Q','Jet Aviation Flight Services, Inc.',2,2,15447,1544705,35447,'UGN','Waukegan, IL','IL','17','Illinois',41,13232,1323202,30977,'MDW','Chicago, IL','IL','17','Illinois',41,2025,1,1,1,'L'),(0,'0.00',0,44,'K2',21820,'Paklook Air, Inc d/b/a/ Airlift Alaska d/b/a/ Yute Commuter Service','01212','D','K2','Paklook Air, Inc d/b/a/ Airlift Alaska d/b/a/ Yute Commuter Service',1,5,12807,1280702,32807,'KSM','St. Mary\'s, AK','AK','02','Alaska',1,13369,1336901,33369,'MLL','Marshall, AK','AK','02','Alaska',1,2025,1,1,1,'F'),(0,'0.00',0,45,'9K',20253,'Hyannis Air Service, Inc. dba Cape Air','07021','D','9K','Hyannis Air Service, Inc. dba Cape Air',1,6,10721,1072102,30721,'BOS','Boston, MA','MA','25','Massachusetts',13,14306,1430604,34306,'PVC','Provincetown, MA','MA','25','Massachusetts',13,2025,1,1,1,'F'),(0,'0.00',0,45,'9K',20253,'Hyannis Air Service, Inc. dba Cape Air','07021','D','9K','Hyannis Air Service, Inc. dba Cape Air',1,6,14306,1430604,34306,'PVC','Provincetown, MA','MA','25','Massachusetts',13,10721,1072102,30721,'BOS','Boston, MA','MA','25','Massachusetts',13,2025,1,1,1,'F'),(0,'0.00',0,45,'XP',20207,'TEM Enterprises dba  Avelo Airlines','06144','D','XP','TEM Enterprises dba  Avelo Airlines',2,2,12197,1219702,31703,'HPN','White Plains, NY','NY','36','New York',22,12244,1224404,32244,'HVN','New Haven, CT','CT','09','Connecticut',11,2025,1,1,1,'L'),(0,'0.00',0,45,'XP',20207,'TEM Enterprises dba  Avelo Airlines','06144','D','XP','TEM Enterprises dba  Avelo Airlines',2,2,12244,1224404,32244,'HVN','New Haven, CT','CT','09','Connecticut',11,12197,1219702,31703,'HPN','White Plains, NY','NY','36','New York',22,2025,1,1,1,'L'),(0,'0.00',0,47,'UA',19977,'United Air Lines Inc.','0A875','D','UA','United Air Lines Inc.',3,3,13891,1389101,32575,'ONT','Ontario, CA','CA','06','California',91,12892,1289208,32575,'LAX','Los Angeles, CA','CA','06','California',91,2025,1,1,1,'F'),(0,'0.00',0,48,'XP',20207,'TEM Enterprises dba  Avelo Airlines','06144','D','XP','TEM Enterprises dba  Avelo Airlines',2,2,10529,1052907,30529,'BDL','Hartford, CT','CT','09','Connecticut',11,12244,1224404,32244,'HVN','New Haven, CT','CT','09','Connecticut',11,2025,1,1,1,'L'),(0,'0.00',0,48,'XP',20207,'TEM Enterprises dba  Avelo Airlines','06144','D','XP','TEM Enterprises dba  Avelo Airlines',2,2,12244,1224404,32244,'HVN','New Haven, CT','CT','09','Connecticut',11,10529,1052907,30529,'BDL','Hartford, CT','CT','09','Connecticut',11,2025,1,1,1,'L'),(0,'0.00',0,49,'K2',21820,'Paklook Air, Inc d/b/a/ Airlift Alaska d/b/a/ Yute Commuter Service','01212','D','K2','Paklook Air, Inc d/b/a/ Airlift Alaska d/b/a/ Yute Commuter Service',1,5,14627,1462702,34627,'RSH','Russian Mission, AK','AK','02','Alaska',1,15257,1525706,35257,'TLT','Tuluksak, AK','AK','02','Alaska',1,2025,1,1,1,'F'),(0,'0.00',0,49,'YX',20452,'Republic Airline','06003','D','YX','Republic Airline',3,3,10721,1072102,30721,'BOS','Boston, MA','MA','25','Massachusetts',13,14307,1430706,30721,'PVD','Providence, RI','RI','44','Rhode Island',15,2025,1,1,1,'F'),(0,'0.00',0,50,'KAH',20272,'Kenmore Air Harbor','06927','D','KAH','Kenmore Air Harbor',1,6,14004,1400403,34004,'PAE','Everett, WA','WA','53','Washington',93,13055,1305502,33055,'LPS','Lopez Island, WA','WA','53','Washington',93,2025,1,1,1,'L'),(0,'0.00',0,52,'K2',21820,'Paklook Air, Inc d/b/a/ Airlift Alaska d/b/a/ Yute Commuter Service','01212','D','K2','Paklook Air, Inc d/b/a/ Airlift Alaska d/b/a/ Yute Commuter Service',1,5,14718,1471802,34718,'SCM','Scammon Bay, AK','AK','02','Alaska',1,15085,1508505,35085,'SXP','Sheldon Point, AK','AK','02','Alaska',1,2025,1,1,1,'F'),(0,'0.00',0,53,'JN',21673,'J&M Alaska Air Tours, Inc. d/b/a Alaska Air Transit','01932','D','JN','J&M Alaska Air Tours, Inc. d/b/a Alaska Air Transit',1,5,15160,1516006,35160,'TCT','Takotna, AK','AK','02','Alaska',1,13676,1367602,33676,'NIB','Nikolai, AK','AK','02','Alaska',1,2025,1,1,1,'F'),(0,'0.00',0,55,'KAH',20272,'Kenmore Air Harbor','06927','D','KAH','Kenmore Air Harbor',1,6,11762,1176202,31646,'FRD','Friday Harbor, WA','WA','53','Washington',93,14004,1400403,34004,'PAE','Everett, WA','WA','53','Washington',93,2025,1,1,1,'L'),(0,'0.00',0,55,'KAH',20272,'Kenmore Air Harbor','06927','D','KAH','Kenmore Air Harbor',1,6,14004,1400403,34004,'PAE','Everett, WA','WA','53','Washington',93,11762,1176202,31646,'FRD','Friday Harbor, WA','WA','53','Washington',93,2025,1,1,1,'L'),(0,'0.00',0,55,'YX',20452,'Republic Airline','06003','D','YX','Republic Airline',3,3,14576,1457607,34576,'ROC','Rochester, NY','NY','36','New York',22,10792,1079206,30792,'BUF','Buffalo, NY','NY','36','New York',22,2025,1,1,1,'F'),(0,'0.00',0,56,'27Q',21652,'Jet Aviation Flight Services, Inc.','01194','D','27Q','Jet Aviation Flight Services, Inc.',2,2,10519,1051901,30519,'BCT','Boca Raton, FL','FL','12','Florida',33,15030,1503002,35030,'SUA','Stuart, FL','FL','12','Florida',33,2025,1,1,1,'L'),(0,'0.00',0,59,'GCH',20267,'Grand Canyon Helicopters','06933','D','GCH','Grand Canyon Helicopters',1,6,10661,1066106,30661,'BLD','Boulder City, NV','NV','32','Nevada',85,10011,1001104,30011,'1G4','Peach Springs, AZ','AZ','04','Arizona',81,2025,1,1,1,'F'),(0,'0.00',0,60,'GCA',22085,'Global Crossing Airlines, Inc.','01287','D','GCA','Global Crossing Airlines, Inc.',2,2,13851,1385103,33851,'OKC','Oklahoma City, OK','OK','40','Oklahoma',73,15074,1507402,35074,'SWO','Stillwater, OK','OK','40','Oklahoma',73,2025,1,1,1,'L'),(0,'0.00',0,60,'K2',21820,'Paklook Air, Inc d/b/a/ Airlift Alaska d/b/a/ Yute Commuter Service','01212','D','K2','Paklook Air, Inc d/b/a/ Airlift Alaska d/b/a/ Yute Commuter Service',1,5,14627,1462702,34627,'RSH','Russian Mission, AK','AK','02','Alaska',1,12709,1270907,32709,'KKI','Akiachak, AK','AK','02','Alaska',1,2025,1,1,1,'F'),(0,'0',0,67,'GCA',22085,'Global Crossing Airlines, Inc.','1287','D','GCA','Global Crossing Airlines, Inc.',2,2,14307,1430706,30721,'PVD','Providence, RI','RI','44','Rhode Island',15,10529,1052907,30529,'BDL','Hartford, CT','CT','9','Connecticut',11,2025,1,1,1,'L'),(0,'0',0,67,'UA',19977,'United Air Lines Inc.','0A875','D','UA','United Air Lines Inc.',3,3,10135,1013506,30135,'ABE','Allentown/Bethlehem/Easton, PA','PA','42','Pennsylvania',23,11618,1161802,31703,'EWR','Newark, NJ','NJ','34','New Jersey',21,2025,1,1,1,'F'),(0,'0',0,68,'27Q',21652,'Jet Aviation Flight Services, Inc.','1194','D','27Q','Jet Aviation Flight Services, Inc.',2,2,15167,1516702,35167,'TEB','Teterboro, NJ','NJ','34','New Jersey',21,12244,1224404,32244,'HVN','New Haven, CT','CT','9','Connecticut',11,2025,1,1,1,'L'),(0,'0',0,68,'K2',21820,'Paklook Air, Inc d/b/a/ Airlift Alaska d/b/a/ Yute Commuter Service','1212','D','K2','Paklook Air, Inc d/b/a/ Airlift Alaska d/b/a/ Yute Commuter Service',1,5,12709,1270907,32709,'KKI','Akiachak, AK','AK','2','Alaska',1,13369,1336901,33369,'MLL','Marshall, AK','AK','2','Alaska',1,2025,1,1,1,'F'),(0,'0',0,68,'K2',21820,'Paklook Air, Inc d/b/a/ Airlift Alaska d/b/a/ Yute Commuter Service','1212','D','K2','Paklook Air, Inc d/b/a/ Airlift Alaska d/b/a/ Yute Commuter Service',1,5,12769,1276902,32769,'KOT','Kotlik, AK','AK','2','Alaska',1,12807,1280702,32807,'KSM','St. Mary\'s, AK','AK','2','Alaska',1,2025,1,1,1,'L'),(0,'0',0,68,'K2',21820,'Paklook Air, Inc d/b/a/ Airlift Alaska d/b/a/ Yute Commuter Service','1212','D','K2','Paklook Air, Inc d/b/a/ Airlift Alaska d/b/a/ Yute Commuter Service',1,5,14880,1488002,34880,'SLQ','Sleetmute, AK','AK','2','Alaska',1,10996,1099602,30996,'CHU','Chuathbaluk, AK','AK','2','Alaska',1,2025,1,1,1,'F'),(0,'0',0,68,'WI',20195,'Sky Lease Cargo','16884','I','WI','Sky Lease Cargo',2,2,12892,1289208,32575,'LAX','Los Angeles, CA','CA','6','California',91,14691,1469103,34691,'SBD','San Bernardino, CA','CA','6','California',91,2025,1,1,1,'P'),(0,'0',0,70,'YX',20452,'Republic Airline','6003','D','YX','Republic Airline',3,3,12945,1294503,32945,'LEX','Lexington, KY','KY','21','Kentucky',52,11193,1119302,33105,'CVG','Cincinnati, OH','KY','21','Kentucky',52,2025,1,1,1,'F'),(0,'0',0,71,'ZW',20046,'Air Wisconsin Airlines Corp','6024','D','ZW','Air Wisconsin Airlines Corp',2,2,11066,1106606,31066,'CMH','Columbus, OH','OH','39','Ohio',44,11267,1126702,31267,'DAY','Dayton, OH','OH','39','Ohio',44,2025,1,1,1,'L'),(0,'0',0,71,'ZW',20046,'Air Wisconsin Airlines Corp','6024','D','ZW','Air Wisconsin Airlines Corp',2,2,11267,1126702,31267,'DAY','Dayton, OH','OH','39','Ohio',44,11066,1106606,31066,'CMH','Columbus, OH','OH','39','Ohio',44,2025,1,1,1,'L'),(0,'0',0,74,'K2',21820,'Paklook Air, Inc d/b/a/ Airlift Alaska d/b/a/ Yute Commuter Service','1212','D','K2','Paklook Air, Inc d/b/a/ Airlift Alaska d/b/a/ Yute Commuter Service',1,5,14493,1449302,34493,'RDV','Red Devil, AK','AK','2','Alaska',1,10304,1030402,30304,'ANI','Aniak, AK','AK','2','Alaska',1,2025,1,1,1,'F'),(0,'0',0,74,'UA',19977,'United Air Lines Inc.','0A875','D','UA','United Air Lines Inc.',3,3,10732,1073203,30732,'BQN','Aguadilla, PR','PR','72','Puerto Rico',3,14843,1484306,34819,'SJU','San Juan, PR','PR','72','Puerto Rico',3,2025,1,1,1,'F'),(0,'0',0,74,'ZW',20046,'Air Wisconsin Airlines Corp','6024','D','ZW','Air Wisconsin Airlines Corp',2,2,13342,1334207,33342,'MKE','Milwaukee, WI','WI','55','Wisconsin',45,13485,1348502,33485,'MSN','Madison, WI','WI','55','Wisconsin',45,2025,1,1,1,'L'),(0,'0',0,74,'ZW',20046,'Air Wisconsin Airlines Corp','6024','D','ZW','Air Wisconsin Airlines Corp',2,2,13485,1348502,33485,'MSN','Madison, WI','WI','55','Wisconsin',45,13342,1334207,33342,'MKE','Milwaukee, WI','WI','55','Wisconsin',45,2025,1,1,1,'L'),(0,'0',0,75,'LF',21635,'CFM Inc d/b/a Contour Airlines d/b/a One Jet Shuttle','1189','D','LF','CFM Inc d/b/a Contour Airlines d/b/a One Jet Shuttle',1,6,11057,1105703,31057,'CLT','Charlotte, NC','NC','37','North Carolina',36,12348,1234802,32348,'INT','Winston-Salem, NC','NC','37','North Carolina',36,2025,1,1,1,'L'),(0,'0',0,75,'LF',21635,'CFM Inc d/b/a Contour Airlines d/b/a One Jet Shuttle','1189','D','LF','CFM Inc d/b/a Contour Airlines d/b/a One Jet Shuttle',1,6,12348,1234802,32348,'INT','Winston-Salem, NC','NC','37','North Carolina',36,11057,1105703,31057,'CLT','Charlotte, NC','NC','37','North Carolina',36,2025,1,1,1,'L'),(0,'0',0,75,'UA',19977,'United Air Lines Inc.','0A875','D','UA','United Air Lines Inc.',3,3,11996,1199603,31871,'GSP','Greer, SC','SC','45','South Carolina',37,11057,1105703,31057,'CLT','Charlotte, NC','NC','37','North Carolina',36,2025,1,1,1,'F'),(0,'0',0,75,'YX',20452,'Republic Airline','6003','D','YX','Republic Airline',3,3,14524,1452401,34524,'RIC','Richmond, VA','VA','51','Virginia',38,13931,1393102,33667,'ORF','Norfolk, VA','VA','51','Virginia',38,2025,1,1,1,'F'),(0,'0',0,78,'K2',21820,'Paklook Air, Inc d/b/a/ Airlift Alaska d/b/a/ Yute Commuter Service','1212','D','K2','Paklook Air, Inc d/b/a/ Airlift Alaska d/b/a/ Yute Commuter Service',1,5,11952,1195205,31952,'GNU','Goodnews Bay, AK','AK','2','Alaska',1,11492,1149202,31492,'EEK','Eek, AK','AK','2','Alaska',1,2025,1,1,1,'F'),(0,'0',0,79,'K2',21820,'Paklook Air, Inc d/b/a/ Airlift Alaska d/b/a/ Yute Commuter Service','1212','D','K2','Paklook Air, Inc d/b/a/ Airlift Alaska d/b/a/ Yute Commuter Service',1,5,11227,1122706,31227,'CYF','Chefornak, AK','AK','2','Alaska',1,12831,1283102,32831,'KUK','Kasigluk, AK','AK','2','Alaska',1,2025,1,1,1,'F'),(0,'0',0,79,'K2',21820,'Paklook Air, Inc d/b/a/ Airlift Alaska d/b/a/ Yute Commuter Service','1212','D','K2','Paklook Air, Inc d/b/a/ Airlift Alaska d/b/a/ Yute Commuter Service',1,5,14880,1488002,34880,'SLQ','Sleetmute, AK','AK','2','Alaska',1,10304,1030402,30304,'ANI','Aniak, AK','AK','2','Alaska',1,2025,1,1,1,'F'),(0,'0',0,80,'GCA',22085,'Global Crossing Airlines, Inc.','1287','D','GCA','Global Crossing Airlines, Inc.',2,2,10529,1052907,30529,'BDL','Hartford, CT','CT','9','Connecticut',11,12197,1219702,31703,'HPN','White Plains, NY','NY','36','New York',22,2025,1,1,1,'L'),(0,'0',0,80,'UA',19977,'United Air Lines Inc.','0A875','D','UA','United Air Lines Inc.',3,3,14100,1410005,34100,'PHL','Philadelphia, PA','PA','42','Pennsylvania',23,11618,1161802,31703,'EWR','Newark, NJ','NJ','34','New Jersey',21,2025,1,1,1,'F'),(0,'0',0,80,'XP',20207,'TEM Enterprises dba  Avelo Airlines','6144','D','XP','TEM Enterprises dba  Avelo Airlines',2,2,10257,1025702,30257,'ALB','Albany, NY','NY','36','New York',22,10529,1052907,30529,'BDL','Hartford, CT','CT','9','Connecticut',11,2025,1,1,1,'L'),(0,'0',0,80,'XP',20207,'TEM Enterprises dba  Avelo Airlines','6144','D','XP','TEM Enterprises dba  Avelo Airlines',2,2,12197,1219702,31703,'HPN','White Plains, NY','NY','36','New York',22,10529,1052907,30529,'BDL','Hartford, CT','CT','9','Connecticut',11,2025,1,1,1,'L'),(0,'0',0,80,'ZW',20046,'Air Wisconsin Airlines Corp','6024','D','ZW','Air Wisconsin Airlines Corp',2,2,13232,1323202,30977,'MDW','Chicago, IL','IL','17','Illinois',41,13342,1334207,33342,'MKE','Milwaukee, WI','WI','55','Wisconsin',45,2025,1,1,1,'L'),(0,'0',0,80,'ZW',20046,'Air Wisconsin Airlines Corp','6024','D','ZW','Air Wisconsin Airlines Corp',2,2,13342,1334207,33342,'MKE','Milwaukee, WI','WI','55','Wisconsin',45,13232,1323202,30977,'MDW','Chicago, IL','IL','17','Illinois',41,2025,1,1,1,'L'),(0,'0',0,84,'6F',22105,'FOX AIRCRAFT, LLC','1288','D','6F','FOX AIRCRAFT, LLC',1,5,15554,1555402,35554,'VAK','Chevak, AK','AK','2','Alaska',1,12807,1280702,32807,'KSM','St. Mary\'s, AK','AK','2','Alaska',1,2025,1,1,1,'L'),(0,'0',0,84,'K2',21820,'Paklook Air, Inc d/b/a/ Airlift Alaska d/b/a/ Yute Commuter Service','1212','D','K2','Paklook Air, Inc d/b/a/ Airlift Alaska d/b/a/ Yute Commuter Service',1,5,10304,1030402,30304,'ANI','Aniak, AK','AK','2','Alaska',1,13369,1336901,33369,'MLL','Marshall, AK','AK','2','Alaska',1,2025,1,1,1,'F'),(0,'0',0,85,'UA',19977,'United Air Lines Inc.','0A875','D','UA','United Air Lines Inc.',3,3,14262,1426204,34262,'PSP','Palm Springs, CA','CA','6','California',91,14679,1467903,33570,'SAN','San Diego, CA','CA','6','California',91,2025,1,1,1,'F'),(0,'0',0,86,'27Q',21652,'Jet Aviation Flight Services, Inc.','1194','D','27Q','Jet Aviation Flight Services, Inc.',2,2,10800,1080003,32575,'BUR','Burbank, CA','CA','6','California',91,14689,1468902,34689,'SBA','Santa Barbara, CA','CA','6','California',91,2025,1,1,1,'L'),(0,'0',0,87,'VC',21477,'Via Airlines d/b/a Sterling Airways','1158','D','VC','Via Airlines d/b/a Sterling Airways',1,6,14738,1473802,34738,'SDP','Sandpoint, AK','AK','2','Alaska',1,10917,1091706,30082,'CDB','Cold Bay, AK','AK','2','Alaska',1,2025,1,1,1,'F'),(0,'0',0,91,'YX',20452,'Republic Airline','6003','D','YX','Republic Airline',3,3,10990,1099005,30990,'CHO','Charlottesville, VA','VA','51','Virginia',38,11278,1127805,30852,'DCA','Washington, DC','VA','51','Virginia',38,2025,1,1,1,'F'),(0,'0',0,92,'K2',21820,'Paklook Air, Inc d/b/a/ Airlift Alaska d/b/a/ Yute Commuter Service','1212','D','K2','Paklook Air, Inc d/b/a/ Airlift Alaska d/b/a/ Yute Commuter Service',1,5,12676,1267605,32676,'KGX','Grayling, AK','AK','2','Alaska',1,10304,1030402,30304,'ANI','Aniak, AK','AK','2','Alaska',1,2025,1,1,1,'F'),(0,'0',0,94,'YX',20452,'Republic Airline','6003','D','YX','Republic Airline',3,3,14100,1410005,34100,'PHL','Philadelphia, PA','PA','42','Pennsylvania',23,12478,1247805,31703,'JFK','New York, NY','NY','36','New York',22,2025,1,1,1,'F'),(0,'0',0,97,'UA',19977,'United Air Lines Inc.','0A875','D','UA','United Air Lines Inc.',3,3,11648,1164802,31648,'FCA','Kalispell, MT','MT','30','Montana',84,13486,1348603,33486,'MSO','Missoula, MT','MT','30','Montana',84,2025,1,1,1,'F'),(0,'0',0,97,'ZW',20046,'Air Wisconsin Airlines Corp','6024','D','ZW','Air Wisconsin Airlines Corp',2,2,15370,1537002,34653,'TUL','Tulsa, OK','OK','40','Oklahoma',73,11834,1183403,31834,'FYV','Fayetteville, AR','AR','5','Arkansas',71,2025,1,1,1,'L'),(0,'0',0,98,'LF',21635,'CFM Inc d/b/a Contour Airlines d/b/a One Jet Shuttle','1189','D','LF','CFM Inc d/b/a Contour Airlines d/b/a One Jet Shuttle',1,6,11123,1112301,31123,'CPS','St. Louis, MO','MO','29','Missouri',64,10967,1096702,30967,'CGI','Cape Girardeau, MO','MO','29','Missouri',64,2025,1,1,1,'L'),(0,'0',0,100,'LF',21635,'CFM Inc d/b/a Contour Airlines d/b/a One Jet Shuttle','1189','D','LF','CFM Inc d/b/a Contour Airlines d/b/a One Jet Shuttle',1,6,13983,1398305,33983,'OWB','Owensboro, KY','KY','21','Kentucky',52,14006,1400602,34006,'PAH','Paducah, KY','KY','21','Kentucky',52,2025,1,1,1,'L'),(0,'0',0,100,'UA',19977,'United Air Lines Inc.','0A875','D','UA','United Air Lines Inc.',3,3,13830,1383002,33830,'OGG','Kahului, HI','HI','15','Hawaii',2,12173,1217305,32134,'HNL','Honolulu, HI','HI','15','Hawaii',2,2025,1,1,1,'F'),(0,'0',0,100,'UA',19977,'United Air Lines Inc.','0A875','D','UA','United Air Lines Inc.',3,3,14524,1452401,34524,'RIC','Richmond, VA','VA','51','Virginia',38,12264,1226402,30852,'IAD','Washington, DC','VA','51','Virginia',38,2025,1,1,1,'F'),(0,'0',0,101,'XP',20207,'TEM Enterprises dba  Avelo Airlines','6144','D','XP','TEM Enterprises dba  Avelo Airlines',2,2,11252,1125203,31252,'DAB','Daytona Beach, FL','FL','12','Florida',33,12882,1288204,33195,'LAL','Lakeland, FL','FL','12','Florida',33,2025,1,1,1,'L'),(0,'0',0,101,'XP',20207,'TEM Enterprises dba  Avelo Airlines','6144','D','XP','TEM Enterprises dba  Avelo Airlines',2,2,12882,1288204,33195,'LAL','Lakeland, FL','FL','12','Florida',33,11252,1125203,31252,'DAB','Daytona Beach, FL','FL','12','Florida',33,2025,1,1,1,'L'),(0,'0',0,102,'27Q',21652,'Jet Aviation Flight Services, Inc.','1194','D','27Q','Jet Aviation Flight Services, Inc.',2,2,12173,1217305,32134,'HNL','Honolulu, HI','HI','15','Hawaii',2,12982,1298202,32982,'LIH','Lihue, HI','HI','15','Hawaii',2,2025,1,1,1,'L'),(0,'0',0,102,'K2',21820,'Paklook Air, Inc d/b/a/ Airlift Alaska d/b/a/ Yute Commuter Service','1212','D','K2','Paklook Air, Inc d/b/a/ Airlift Alaska d/b/a/ Yute Commuter Service',1,5,15798,1579802,35798,'WNA','Napakiak, AK','AK','2','Alaska',1,10304,1030402,30304,'ANI','Aniak, AK','AK','2','Alaska',1,2025,1,1,1,'F'),(0,'0',0,102,'XP',20207,'TEM Enterprises dba  Avelo Airlines','6144','D','XP','TEM Enterprises dba  Avelo Airlines',2,2,13139,1313903,33139,'LYH','Lynchburg, VA','VA','51','Virginia',38,14492,1449202,34492,'RDU','Raleigh/Durham, NC','NC','37','North Carolina',36,2025,1,1,1,'L'),(0,'0',0,102,'XP',20207,'TEM Enterprises dba  Avelo Airlines','6144','D','XP','TEM Enterprises dba  Avelo Airlines',2,2,14492,1449202,34492,'RDU','Raleigh/Durham, NC','NC','37','North Carolina',36,13139,1313903,33139,'LYH','Lynchburg, VA','VA','51','Virginia',38,2025,1,1,1,'L'),(0,'0',0,103,'K2',21820,'Paklook Air, Inc d/b/a/ Airlift Alaska d/b/a/ Yute Commuter Service','1212','D','K2','Paklook Air, Inc d/b/a/ Airlift Alaska d/b/a/ Yute Commuter Service',1,5,15257,1525706,35257,'TLT','Tuluksak, AK','AK','2','Alaska',1,12807,1280702,32807,'KSM','St. Mary\'s, AK','AK','2','Alaska',1,2025,1,1,1,'F'),(0,'0',0,104,'LF',21635,'CFM Inc d/b/a Contour Airlines d/b/a One Jet Shuttle','1189','D','LF','CFM Inc d/b/a Contour Airlines d/b/a One Jet Shuttle',1,6,10434,1043405,30434,'AVP','Scranton/Wilkes-Barre, PA','PA','42','Pennsylvania',23,14100,1410005,34100,'PHL','Philadelphia, PA','PA','42','Pennsylvania',23,2025,1,1,1,'F'),(0,'0',0,105,'UA',19977,'United Air Lines Inc.','0A875','D','UA','United Air Lines Inc.',3,3,14635,1463502,31714,'RSW','Fort Myers, FL','FL','12','Florida',33,11697,1169706,32467,'FLL','Fort Lauderdale, FL','FL','12','Florida',33,2025,1,1,1,'F'),(0,'0',0,108,'LF',21635,'CFM Inc d/b/a Contour Airlines d/b/a One Jet Shuttle','1189','D','LF','CFM Inc d/b/a Contour Airlines d/b/a One Jet Shuttle',1,6,13501,1350104,33501,'MTH','Marathon, FL','FL','12','Florida',33,11697,1169706,32467,'FLL','Fort Lauderdale, FL','FL','12','Florida',33,2025,1,1,1,'L'),(0,'0',0,110,'UA',19977,'United Air Lines Inc.','0A875','D','UA','United Air Lines Inc.',3,3,15304,1530402,33195,'TPA','Tampa, FL','FL','12','Florida',33,14635,1463502,31714,'RSW','Fort Myers, FL','FL','12','Florida',33,2025,1,1,1,'F'),(0,'0',0,111,'YX',20452,'Republic Airline','6003','D','YX','Republic Airline',3,3,14730,1473004,33044,'SDF','Louisville, KY','KY','21','Kentucky',52,12339,1233904,32337,'IND','Indianapolis, IN','IN','18','Indiana',42,2025,1,1,1,'F'),(0,'0',0,111,'YX',20452,'Republic Airline','6003','D','YX','Republic Airline',3,3,15370,1537002,34653,'TUL','Tulsa, OK','OK','40','Oklahoma',73,13851,1385103,33851,'OKC','Oklahoma City, OK','OK','40','Oklahoma',73,2025,1,1,1,'F'),(0,'0',0,113,'XP',20207,'TEM Enterprises dba  Avelo Airlines','6144','D','XP','TEM Enterprises dba  Avelo Airlines',2,2,12544,1254404,32544,'USA','Concord, NC','NC','37','North Carolina',36,14492,1449202,34492,'RDU','Raleigh/Durham, NC','NC','37','North Carolina',36,2025,1,1,1,'L'),(0,'0',0,114,'Q5',20342,'40-Mile Air','6999','D','Q5','40-Mile Air',1,5,15236,1523602,35236,'TKJ','Tok, AK','AK','2','Alaska',1,11463,1146302,31463,'EAA','Eagle, AK','AK','2','Alaska',1,2025,1,1,1,'L'),(0,'0',0,116,'UA',19977,'United Air Lines Inc.','0A875','D','UA','United Air Lines Inc.',3,3,10529,1052907,30529,'BDL','Hartford, CT','CT','9','Connecticut',11,11618,1161802,31703,'EWR','Newark, NJ','NJ','34','New Jersey',21,2025,1,1,1,'F'),(0,'0',0,116,'UA',19977,'United Air Lines Inc.','0A875','D','UA','United Air Lines Inc.',3,3,14057,1405702,34057,'PDX','Portland, OR','OR','41','Oregon',92,14489,1448903,34489,'RDM','Bend/Redmond, OR','OR','41','Oregon',92,2025,1,1,1,'F'),(0,'0',0,118,'XP',20207,'TEM Enterprises dba  Avelo Airlines','6144','D','XP','TEM Enterprises dba  Avelo Airlines',2,2,12882,1288204,33195,'LAL','Lakeland, FL','FL','12','Florida',33,11953,1195302,31953,'GNV','Gainesville, FL','FL','12','Florida',33,2025,1,1,1,'L'),(0,'0',0,120,'UA',19977,'United Air Lines Inc.','0A875','D','UA','United Air Lines Inc.',3,3,11292,1129202,30325,'DEN','Denver, CO','CO','8','Colorado',82,11503,1150305,31503,'EGE','Eagle, CO','CO','8','Colorado',82,2025,1,1,1,'F'),(0,'0',0,120,'YX',20452,'Republic Airline','6003','D','YX','Republic Airline',3,3,10257,1025702,30257,'ALB','Albany, NY','NY','36','New York',22,15096,1509602,35096,'SYR','Syracuse, NY','NY','36','New York',22,2025,1,1,1,'F'),(0,'0',0,121,'27Q',21652,'Jet Aviation Flight Services, Inc.','1194','D','27Q','Jet Aviation Flight Services, Inc.',2,2,12402,1240203,32402,'ITO','Hilo, HI','HI','15','Hawaii',2,13830,1383002,33830,'OGG','Kahului, HI','HI','15','Hawaii',2,2025,1,1,1,'L'),(0,'0',0,122,'XP',20207,'TEM Enterprises dba  Avelo Airlines','6144','D','XP','TEM Enterprises dba  Avelo Airlines',2,2,11252,1125203,31252,'DAB','Daytona Beach, FL','FL','12','Florida',33,15304,1530402,33195,'TPA','Tampa, FL','FL','12','Florida',33,2025,1,1,1,'L'),(0,'0',0,123,'KAH',20272,'Kenmore Air Harbor','6927','D','KAH','Kenmore Air Harbor',1,6,16101,1610102,36101,'YKM','Yakima, WA','WA','53','Washington',93,14004,1400403,34004,'PAE','Everett, WA','WA','53','Washington',93,2025,1,1,1,'L'),(0,'0',0,123,'LF',21635,'CFM Inc d/b/a Contour Airlines d/b/a One Jet Shuttle','1189','D','LF','CFM Inc d/b/a Contour Airlines d/b/a One Jet Shuttle',1,6,14122,1412202,30198,'PIT','Pittsburgh, PA','PA','42','Pennsylvania',23,10557,1055702,30557,'BFD','Bradford, PA','PA','42','Pennsylvania',23,2025,1,1,1,'L'),(0,'0',0,125,'27Q',21652,'Jet Aviation Flight Services, Inc.','1194','D','27Q','Jet Aviation Flight Services, Inc.',2,2,10372,1037205,30372,'ASE','Aspen, CO','CO','8','Colorado',82,11292,1129202,30325,'DEN','Denver, CO','CO','8','Colorado',82,2025,1,1,1,'L'),(0,'0',0,125,'C5',20445,'CommuteAir LLC dba CommuteAir','6944','D','C5','CommuteAir LLC dba CommuteAir',2,2,14685,1468502,34685,'SAV','Savannah, GA','GA','13','Georgia',34,10868,1086803,30868,'CAE','Columbia, SC','SC','45','South Carolina',37,2025,1,1,1,'F'),(0,'0',0,125,'LF',21635,'CFM Inc d/b/a Contour Airlines d/b/a One Jet Shuttle','1189','D','LF','CFM Inc d/b/a Contour Airlines d/b/a One Jet Shuttle',1,6,13983,1398305,33983,'OWB','Owensboro, KY','KY','21','Kentucky',52,13461,1346101,33461,'MQY','Smyrna, TN','TN','47','Tennessee',54,2025,1,1,1,'L'),(0,'0',0,127,'YX',20452,'Republic Airline','6003','D','YX','Republic Airline',3,3,11977,1197705,31977,'GRB','Green Bay, WI','WI','55','Wisconsin',45,15380,1538005,35380,'TVC','Traverse City, MI','MI','26','Michigan',43,2025,1,1,1,'F'),(0,'0',0,129,'K2',21820,'Paklook Air, Inc d/b/a/ Airlift Alaska d/b/a/ Yute Commuter Service','1212','D','K2','Paklook Air, Inc d/b/a/ Airlift Alaska d/b/a/ Yute Commuter Service',1,5,12831,1283102,32831,'KUK','Kasigluk, AK','AK','2','Alaska',1,12195,1219502,32195,'HPB','Hooper Bay, AK','AK','2','Alaska',1,2025,1,1,1,'F'),(0,'0',0,129,'UA',19977,'United Air Lines Inc.','10877','P','UA','United Air Lines Inc.',3,3,14955,1495503,34955,'SPN','Saipan, TT','TT','75','U.S. Pacific Trust Territories and Possessions',5,12016,1201602,32016,'GUM','Guam, TT','TT','75','U.S. Pacific Trust Territories and Possessions',5,2025,1,1,1,'F'),(0,'0',0,130,'ZW',20046,'Air Wisconsin Airlines Corp','6024','D','ZW','Air Wisconsin Airlines Corp',2,2,11267,1126702,31267,'DAY','Dayton, OH','OH','39','Ohio',44,12945,1294503,32945,'LEX','Lexington, KY','KY','21','Kentucky',52,2025,1,1,1,'L'),(0,'0',0,130,'ZW',20046,'Air Wisconsin Airlines Corp','6024','D','ZW','Air Wisconsin Airlines Corp',2,2,12945,1294503,32945,'LEX','Lexington, KY','KY','21','Kentucky',52,11267,1126702,31267,'DAY','Dayton, OH','OH','39','Ohio',44,2025,1,1,1,'L'),(0,'0',0,133,'YX',20452,'Republic Airline','6003','D','YX','Republic Airline',3,3,15096,1509602,35096,'SYR','Syracuse, NY','NY','36','New York',22,10792,1079206,30792,'BUF','Buffalo, NY','NY','36','New York',22,2025,1,1,1,'F'),(0,'0',0,133,'ZW',20046,'Air Wisconsin Airlines Corp','6024','D','ZW','Air Wisconsin Airlines Corp',2,2,10792,1079206,30792,'BUF','Buffalo, NY','NY','36','New York',22,15096,1509602,35096,'SYR','Syracuse, NY','NY','36','New York',22,2025,1,1,1,'L'),(0,'0',0,135,'UA',19977,'United Air Lines Inc.','0A875','D','UA','United Air Lines Inc.',3,3,14100,1410005,34100,'PHL','Philadelphia, PA','PA','42','Pennsylvania',23,12264,1226402,30852,'IAD','Washington, DC','VA','51','Virginia',38,2025,1,1,1,'F'),(0,'0',0,136,'YX',20452,'Republic Airline','6003','D','YX','Republic Airline',3,3,12953,1295304,31703,'LGA','New York, NY','NY','36','New York',22,10257,1025702,30257,'ALB','Albany, NY','NY','36','New York',22,2025,1,1,1,'F'),(0,'0',0,137,'LF',21635,'CFM Inc d/b/a Contour Airlines d/b/a One Jet Shuttle','1189','D','LF','CFM Inc d/b/a Contour Airlines d/b/a One Jet Shuttle',1,6,10967,1096702,30967,'CGI','Cape Girardeau, MO','MO','29','Missouri',64,13983,1398305,33983,'OWB','Owensboro, KY','KY','21','Kentucky',52,2025,1,1,1,'L'),(0,'0',0,137,'LF',21635,'CFM Inc d/b/a Contour Airlines d/b/a One Jet Shuttle','1189','D','LF','CFM Inc d/b/a Contour Airlines d/b/a One Jet Shuttle',1,6,13983,1398305,33983,'OWB','Owensboro, KY','KY','21','Kentucky',52,10967,1096702,30967,'CGI','Cape Girardeau, MO','MO','29','Missouri',64,2025,1,1,1,'L'),(0,'0',0,139,'C5',20445,'CommuteAir LLC dba CommuteAir','6944','D','C5','CommuteAir LLC dba CommuteAir',2,2,10257,1025702,30257,'ALB','Albany, NY','NY','36','New York',22,10434,1043405,30434,'AVP','Scranton/Wilkes-Barre, PA','PA','42','Pennsylvania',23,2025,1,1,1,'F'),(0,'0',0,139,'C5',20445,'CommuteAir LLC dba CommuteAir','6944','D','C5','CommuteAir LLC dba CommuteAir',2,2,10434,1043405,30434,'AVP','Scranton/Wilkes-Barre, PA','PA','42','Pennsylvania',23,10257,1025702,30257,'ALB','Albany, NY','NY','36','New York',22,2025,1,1,1,'F'),(0,'0',0,140,'27Q',21652,'Jet Aviation Flight Services, Inc.','1194','D','27Q','Jet Aviation Flight Services, Inc.',2,2,10423,1042302,30423,'AUS','Austin, TX','TX','48','Texas',74,12266,1226603,31453,'IAH','Houston, TX','TX','48','Texas',74,2025,1,1,1,'L'),(0,'0',0,140,'27Q',21652,'Jet Aviation Flight Services, Inc.','1194','D','27Q','Jet Aviation Flight Services, Inc.',2,2,12266,1226603,31453,'IAH','Houston, TX','TX','48','Texas',74,10423,1042302,30423,'AUS','Austin, TX','TX','48','Texas',74,2025,1,1,1,'L'),(0,'0',0,140,'UA',19977,'United Air Lines Inc.','10876','L','UA','United Air Lines Inc.',3,3,10423,1042302,30423,'AUS','Austin, TX','TX','48','Texas',74,12266,1226603,31453,'IAH','Houston, TX','TX','48','Texas',74,2025,1,1,1,'F'),(0,'0',0,141,'UA',19977,'United Air Lines Inc.','0A875','D','UA','United Air Lines Inc.',3,3,13230,1323002,32070,'MDT','Harrisburg, PA','PA','42','Pennsylvania',23,11618,1161802,31703,'EWR','Newark, NJ','NJ','34','New Jersey',21,2025,1,1,1,'F'),(0,'0',0,141,'XP',20207,'TEM Enterprises dba  Avelo Airlines','6144','D','XP','TEM Enterprises dba  Avelo Airlines',2,2,14027,1402702,34027,'PBI','West Palm Beach/Palm Beach, FL','FL','12','Florida',33,13204,1320402,31454,'MCO','Orlando, FL','FL','12','Florida',33,2025,1,1,1,'L'),(0,'0',0,144,'ZW',20046,'Air Wisconsin Airlines Corp','6024','D','ZW','Air Wisconsin Airlines Corp',2,2,11267,1126702,31267,'DAY','Dayton, OH','OH','39','Ohio',44,14730,1473004,33044,'SDF','Louisville, KY','KY','21','Kentucky',52,2025,1,1,1,'L'),(0,'0',0,144,'ZW',20046,'Air Wisconsin Airlines Corp','6024','D','ZW','Air Wisconsin Airlines Corp',2,2,14730,1473004,33044,'SDF','Louisville, KY','KY','21','Kentucky',52,11267,1126702,31267,'DAY','Dayton, OH','OH','39','Ohio',44,2025,1,1,1,'L'),(0,'0',0,145,'LF',21635,'CFM Inc d/b/a Contour Airlines d/b/a One Jet Shuttle','1189','D','LF','CFM Inc d/b/a Contour Airlines d/b/a One Jet Shuttle',1,6,13461,1346101,33461,'MQY','Smyrna, TN','TN','47','Tennessee',54,14006,1400602,34006,'PAH','Paducah, KY','KY','21','Kentucky',52,2025,1,1,1,'L'),(0,'0',0,145,'LF',21635,'CFM Inc d/b/a Contour Airlines d/b/a One Jet Shuttle','1189','D','LF','CFM Inc d/b/a Contour Airlines d/b/a One Jet Shuttle',1,6,14006,1400602,34006,'PAH','Paducah, KY','KY','21','Kentucky',52,13461,1346101,33461,'MQY','Smyrna, TN','TN','47','Tennessee',54,2025,1,1,1,'L'),(0,'0',0,155,'C5',20445,'CommuteAir LLC dba CommuteAir','6944','D','C5','CommuteAir LLC dba CommuteAir',2,2,13422,1342202,30562,'MOB','Mobile, AL','AL','1','Alabama',51,12448,1244807,32448,'JAN','Jackson/Vicksburg, MS','MS','28','Mississippi',53,2025,1,1,1,'F'),(0,'0',0,155,'LF',21635,'CFM Inc d/b/a Contour Airlines d/b/a One Jet Shuttle','1189','D','LF','CFM Inc d/b/a Contour Airlines d/b/a One Jet Shuttle',1,6,11057,1105703,31057,'CLT','Charlotte, NC','NC','37','North Carolina',36,14574,1457406,34574,'ROA','Roanoke, VA','VA','51','Virginia',38,2025,1,1,1,'L'),(0,'0',0,157,'C5',20445,'CommuteAir LLC dba CommuteAir','6944','D','C5','CommuteAir LLC dba CommuteAir',2,2,14576,1457607,34576,'ROC','Rochester, NY','NY','36','New York',22,14711,1471105,34711,'SCE','State College, PA','PA','42','Pennsylvania',23,2025,1,1,1,'F'),(0,'0',0,158,'GCA',22085,'Global Crossing Airlines, Inc.','1287','D','GCA','Global Crossing Airlines, Inc.',2,2,12197,1219702,31703,'HPN','White Plains, NY','NY','36','New York',22,10540,1054005,30540,'BED','Bedford, MA','MA','25','Massachusetts',13,2025,1,1,1,'L'),(0,'0',0,161,'GCA',22085,'Global Crossing Airlines, Inc.','1287','D','GCA','Global Crossing Airlines, Inc.',2,2,10849,1084907,30849,'BZN','Bozeman, MT','MT','30','Montana',84,13486,1348603,33486,'MSO','Missoula, MT','MT','30','Montana',84,2025,1,1,1,'L'),(0,'0',0,162,'GCA',22085,'Global Crossing Airlines, Inc.','1287','D','GCA','Global Crossing Airlines, Inc.',2,2,13232,1323202,30977,'MDW','Chicago, IL','IL','17','Illinois',41,12339,1233904,32337,'IND','Indianapolis, IN','IN','18','Indiana',42,2025,1,1,1,'L'),(0,'0',0,163,'9K',20253,'Hyannis Air Service, Inc. dba Cape Air','7021','D','9K','Hyannis Air Service, Inc. dba Cape Air',1,6,12197,1219702,31703,'HPN','White Plains, NY','NY','36','New York',22,13541,1354102,33541,'MVY','Martha\'s Vineyard, MA','MA','25','Massachusetts',13,2025,1,1,1,'F'),(0,'0',0,163,'9K',20253,'Hyannis Air Service, Inc. dba Cape Air','7021','D','9K','Hyannis Air Service, Inc. dba Cape Air',1,6,13541,1354102,33541,'MVY','Martha\'s Vineyard, MA','MA','25','Massachusetts',13,12197,1219702,31703,'HPN','White Plains, NY','NY','36','New York',22,2025,1,1,1,'F'),(0,'0',0,164,'UA',19977,'United Air Lines Inc.','0A875','D','UA','United Air Lines Inc.',3,3,11049,1104903,31049,'CLL','College Station/Bryan, TX','TX','48','Texas',74,11298,1129806,30194,'DFW','Dallas/Fort Worth, TX','TX','48','Texas',74,2025,1,1,1,'F'),(0,'0',0,165,'ZW',20046,'Air Wisconsin Airlines Corp','6024','D','ZW','Air Wisconsin Airlines Corp',2,2,11267,1126702,31267,'DAY','Dayton, OH','OH','39','Ohio',44,16091,1609106,31295,'YIP','Detroit, MI','MI','26','Michigan',43,2025,1,1,1,'L'),(0,'0',0,165,'ZW',20046,'Air Wisconsin Airlines Corp','6024','D','ZW','Air Wisconsin Airlines Corp',2,2,16091,1609106,31295,'YIP','Detroit, MI','MI','26','Michigan',43,11267,1126702,31267,'DAY','Dayton, OH','OH','39','Ohio',44,2025,1,1,1,'L'),(0,'0',0,166,'KAH',20272,'Kenmore Air Harbor','6927','D','KAH','Kenmore Air Harbor',1,6,12136,1213607,32136,'HIO','Hillsboro, OR','OR','41','Oregon',92,14004,1400403,34004,'PAE','Everett, WA','WA','53','Washington',93,2025,1,1,1,'L'),(0,'0',0,166,'KAH',20272,'Kenmore Air Harbor','6927','D','KAH','Kenmore Air Harbor',1,6,14004,1400403,34004,'PAE','Everett, WA','WA','53','Washington',93,12136,1213607,32136,'HIO','Hillsboro, OR','OR','41','Oregon',92,2025,1,1,1,'L'),(0,'0',0,166,'ZW',20046,'Air Wisconsin Airlines Corp','6024','D','ZW','Air Wisconsin Airlines Corp',2,2,11267,1126702,31267,'DAY','Dayton, OH','OH','39','Ohio',44,14696,1469608,34696,'SBN','South Bend, IN','IN','18','Indiana',42,2025,1,1,1,'L'),(0,'0',0,169,'ZW',20046,'Air Wisconsin Airlines Corp','6024','D','ZW','Air Wisconsin Airlines Corp',2,2,12884,1288403,32884,'LAN','Lansing, MI','MI','26','Michigan',43,13342,1334207,33342,'MKE','Milwaukee, WI','WI','55','Wisconsin',45,2025,1,1,1,'L'),(0,'0',0,171,'LF',21635,'CFM Inc d/b/a Contour Airlines d/b/a One Jet Shuttle','1189','D','LF','CFM Inc d/b/a Contour Airlines d/b/a One Jet Shuttle',1,6,10508,1050803,30508,'BCB','Blacksburg, VA','VA','51','Virginia',38,14524,1452401,34524,'RIC','Richmond, VA','VA','51','Virginia',38,2025,1,1,1,'L'),(0,'0',0,173,'UA',19977,'United Air Lines Inc.','0A875','D','UA','United Air Lines Inc.',3,3,12889,1288904,32211,'LAS','Las Vegas, NV','NV','32','Nevada',85,14262,1426204,34262,'PSP','Palm Springs, CA','CA','6','California',91,2025,1,1,1,'F'),(0,'0',0,173,'UA',19977,'United Air Lines Inc.','0A875','D','UA','United Air Lines Inc.',3,3,14262,1426204,34262,'PSP','Palm Springs, CA','CA','6','California',91,12889,1288904,32211,'LAS','Las Vegas, NV','NV','32','Nevada',85,2025,1,1,1,'F'),(0,'0',0,174,'UA',19977,'United Air Lines Inc.','0A875','D','UA','United Air Lines Inc.',3,3,15304,1530402,33195,'TPA','Tampa, FL','FL','12','Florida',33,14027,1402702,34027,'PBI','West Palm Beach/Palm Beach, FL','FL','12','Florida',33,2025,1,1,1,'F'),(0,'0',0,174,'XP',20207,'TEM Enterprises dba  Avelo Airlines','6144','D','XP','TEM Enterprises dba  Avelo Airlines',2,2,12882,1288204,33195,'LAL','Lakeland, FL','FL','12','Florida',33,12451,1245102,31136,'JAX','Jacksonville, FL','FL','12','Florida',33,2025,1,1,1,'L'),(0,'0',0,175,'LF',21635,'CFM Inc d/b/a Contour Airlines d/b/a One Jet Shuttle','1189','D','LF','CFM Inc d/b/a Contour Airlines d/b/a One Jet Shuttle',1,6,13461,1346101,33461,'MQY','Smyrna, TN','TN','47','Tennessee',54,15374,1537405,35374,'TUP','Tupelo, MS','MS','28','Mississippi',53,2025,1,1,1,'L'),(0,'0',0,175,'LF',21635,'CFM Inc d/b/a Contour Airlines d/b/a One Jet Shuttle','1189','D','LF','CFM Inc d/b/a Contour Airlines d/b/a One Jet Shuttle',1,6,15374,1537405,35374,'TUP','Tupelo, MS','MS','28','Mississippi',53,13461,1346101,33461,'MQY','Smyrna, TN','TN','47','Tennessee',54,2025,1,1,1,'L'),(0,'0',0,175,'UA',19977,'United Air Lines Inc.','0A875','D','UA','United Air Lines Inc.',3,3,13851,1385103,33851,'OKC','Oklahoma City, OK','OK','40','Oklahoma',73,11298,1129806,30194,'DFW','Dallas/Fort Worth, TX','TX','48','Texas',74,2025,1,1,1,'F'),(0,'0',0,175,'XP',20207,'TEM Enterprises dba  Avelo Airlines','6144','D','XP','TEM Enterprises dba  Avelo Airlines',2,2,11697,1169706,32467,'FLL','Fort Lauderdale, FL','FL','12','Florida',33,12882,1288204,33195,'LAL','Lakeland, FL','FL','12','Florida',33,2025,1,1,1,'L'),(0,'0',0,175,'XP',20207,'TEM Enterprises dba  Avelo Airlines','6144','D','XP','TEM Enterprises dba  Avelo Airlines',2,2,12882,1288204,33195,'LAL','Lakeland, FL','FL','12','Florida',33,11697,1169706,32467,'FLL','Fort Lauderdale, FL','FL','12','Florida',33,2025,1,1,1,'L'),(0,'0',0,177,'C5',20445,'CommuteAir LLC dba CommuteAir','6944','D','C5','CommuteAir LLC dba CommuteAir',2,2,12217,1221702,30255,'HSV','Huntsville, AL','AL','1','Alabama',51,15412,1541206,35412,'TYS','Knoxville, TN','TN','47','Tennessee',54,2025,1,1,1,'F'),(0,'0',0,177,'C5',20445,'CommuteAir LLC dba CommuteAir','6944','D','C5','CommuteAir LLC dba CommuteAir',2,2,15412,1541206,35412,'TYS','Knoxville, TN','TN','47','Tennessee',54,12217,1221702,30255,'HSV','Huntsville, AL','AL','1','Alabama',51,2025,1,1,1,'F'),(0,'0',0,178,'LF',21635,'CFM Inc d/b/a Contour Airlines d/b/a One Jet Shuttle','1189','D','LF','CFM Inc d/b/a Contour Airlines d/b/a One Jet Shuttle',1,6,10654,1065402,30654,'BKW','Beckley, WV','WV','54','West Virginia',39,11057,1105703,31057,'CLT','Charlotte, NC','NC','37','North Carolina',36,2025,1,1,1,'L'),(0,'0',0,179,'AMQ',20201,'Ameristar Air Cargo','6055','D','AMQ','Ameristar Air Cargo',1,4,11049,1104903,31049,'CLL','College Station/Bryan, TX','TX','48','Texas',74,16755,1675503,30194,'T8X','Dallas, TX','TX','48','Texas',74,2025,1,1,1,'L'),(0,'0',0,179,'LF',21635,'CFM Inc d/b/a Contour Airlines d/b/a One Jet Shuttle','1189','D','LF','CFM Inc d/b/a Contour Airlines d/b/a One Jet Shuttle',1,6,13930,1393008,30977,'ORD','Chicago, IL','IL','17','Illinois',41,13182,1318202,33182,'MBL','Manistee/Ludington, MI','MI','26','Michigan',43,2025,1,1,1,'L'),(0,'0',0,180,'XP',20207,'TEM Enterprises dba  Avelo Airlines','6144','D','XP','TEM Enterprises dba  Avelo Airlines',2,2,12244,1224404,32244,'HVN','New Haven, CT','CT','9','Connecticut',11,12320,1232002,32320,'ILG','Wilmington, DE','DE','10','Delaware',31,2025,1,1,1,'L'),(0,'0',0,180,'XP',20207,'TEM Enterprises dba  Avelo Airlines','6144','D','XP','TEM Enterprises dba  Avelo Airlines',2,2,12320,1232002,32320,'ILG','Wilmington, DE','DE','10','Delaware',31,12244,1224404,32244,'HVN','New Haven, CT','CT','9','Connecticut',11,2025,1,1,1,'L'),(0,'0',0,182,'27Q',21652,'Jet Aviation Flight Services, Inc.','1194','D','27Q','Jet Aviation Flight Services, Inc.',2,2,10540,1054005,30540,'BED','Bedford, MA','MA','25','Massachusetts',13,15167,1516702,35167,'TEB','Teterboro, NJ','NJ','34','New Jersey',21,2025,1,1,1,'L'),(0,'0',0,182,'GCA',22085,'Global Crossing Airlines, Inc.','1287','D','GCA','Global Crossing Airlines, Inc.',2,2,14122,1412202,30198,'PIT','Pittsburgh, PA','PA','42','Pennsylvania',23,12264,1226402,30852,'IAD','Washington, DC','VA','51','Virginia',38,2025,1,1,1,'L'),(0,'0',0,183,'9K',20253,'Hyannis Air Service, Inc. dba Cape Air','7021','D','9K','Hyannis Air Service, Inc. dba Cape Air',1,6,12197,1219702,31703,'HPN','White Plains, NY','NY','36','New York',22,12250,1225003,32250,'HYA','Hyannis, MA','MA','25','Massachusetts',13,2025,1,1,1,'F'),(0,'0',0,184,'X9',20377,'Omni Air International LLC','16736','I','X9','Omni Air International LLC',2,2,12478,1247805,31703,'JFK','New York, NY','NY','36','New York',22,10821,1082106,30852,'BWI','Baltimore, MD','MD','24','Maryland',35,2025,1,1,1,'L'),(0,'0',0,186,'9X',21618,'Southern Airways Express, dba Mokulele Airlines','1168','D','9X','Southern Airways Express, dba Mokulele Airlines',1,6,12363,1236305,32363,'IPL','El Centro, CA','CA','6','California',91,10800,1080003,32575,'BUR','Burbank, CA','CA','6','California',91,2025,1,1,1,'F'),(0,'0',0,186,'LF',21635,'CFM Inc d/b/a Contour Airlines d/b/a One Jet Shuttle','1189','D','LF','CFM Inc d/b/a Contour Airlines d/b/a One Jet Shuttle',1,6,10744,1074403,30744,'BRL','Burlington, IA','IA','19','Iowa',61,13930,1393008,30977,'ORD','Chicago, IL','IL','17','Illinois',41,2025,1,1,1,'L'),(0,'0',0,186,'YX',20452,'Republic Airline','6003','D','YX','Republic Airline',3,3,14122,1412202,30198,'PIT','Pittsburgh, PA','PA','42','Pennsylvania',23,10792,1079206,30792,'BUF','Buffalo, NY','NY','36','New York',22,2025,1,1,1,'F'),(0,'0',0,187,'AMQ',20201,'Ameristar Air Cargo','6055','D','AMQ','Ameristar Air Cargo',1,4,11049,1104903,31049,'CLL','College Station/Bryan, TX','TX','48','Texas',74,11430,1143006,31430,'DTO','Denton, TX','TX','48','Texas',74,2025,1,1,1,'L'),(0,'0',0,187,'AMQ',20201,'Ameristar Air Cargo','6055','D','AMQ','Ameristar Air Cargo',1,4,11430,1143006,31430,'DTO','Denton, TX','TX','48','Texas',74,11049,1104903,31049,'CLL','College Station/Bryan, TX','TX','48','Texas',74,2025,1,1,1,'L'),(0,'0',0,189,'LF',21635,'CFM Inc d/b/a Contour Airlines d/b/a One Jet Shuttle','1189','D','LF','CFM Inc d/b/a Contour Airlines d/b/a One Jet Shuttle',1,6,10967,1096702,30967,'CGI','Cape Girardeau, MO','MO','29','Missouri',64,13461,1346101,33461,'MQY','Smyrna, TN','TN','47','Tennessee',54,2025,1,1,1,'L'),(0,'0',0,189,'LF',21635,'CFM Inc d/b/a Contour Airlines d/b/a One Jet Shuttle','1189','D','LF','CFM Inc d/b/a Contour Airlines d/b/a One Jet Shuttle',1,6,13461,1346101,33461,'MQY','Smyrna, TN','TN','47','Tennessee',54,10967,1096702,30967,'CGI','Cape Girardeau, MO','MO','29','Missouri',64,2025,1,1,1,'L'),(0,'0',0,191,'9K',20253,'Hyannis Air Service, Inc. dba Cape Air','7021','D','9K','Hyannis Air Service, Inc. dba Cape Air',1,6,10154,1015406,30154,'ACK','Nantucket, MA','MA','25','Massachusetts',13,12197,1219702,31703,'HPN','White Plains, NY','NY','36','New York',22,2025,1,1,1,'F'),(0,'0',0,191,'9K',20253,'Hyannis Air Service, Inc. dba Cape Air','7021','D','9K','Hyannis Air Service, Inc. dba Cape Air',1,6,12197,1219702,31703,'HPN','White Plains, NY','NY','36','New York',22,10154,1015406,30154,'ACK','Nantucket, MA','MA','25','Massachusetts',13,2025,1,1,1,'F'),(0,'0',0,191,'UA',19977,'United Air Lines Inc.','10876','L','UA','United Air Lines Inc.',3,3,14683,1468305,33214,'SAT','San Antonio, TX','TX','48','Texas',74,12266,1226603,31453,'IAH','Houston, TX','TX','48','Texas',74,2025,1,1,1,'F'),(0,'0',0,192,'GCA',22085,'Global Crossing Airlines, Inc.','1287','D','GCA','Global Crossing Airlines, Inc.',2,2,13204,1320402,31454,'MCO','Orlando, FL','FL','12','Florida',33,13303,1330303,32467,'MIA','Miami, FL','FL','12','Florida',33,2025,1,1,1,'L'),(0,'0',0,192,'GCA',22085,'Global Crossing Airlines, Inc.','1287','D','GCA','Global Crossing Airlines, Inc.',2,2,13303,1330303,32467,'MIA','Miami, FL','FL','12','Florida',33,13204,1320402,31454,'MCO','Orlando, FL','FL','12','Florida',33,2025,1,1,1,'L');
/*!40000 ALTER TABLE `airport_project_data` ENABLE KEYS */;
UNLOCK TABLES;

--
-- Table structure for table `all_city_pop`
--

DROP TABLE IF EXISTS `all_city_pop`;
/*!40101 SET @saved_cs_client     = @@character_set_client */;
/*!50503 SET character_set_client = utf8mb4 */;
CREATE TABLE `all_city_pop` (
  `CityName` varchar(100) DEFAULT NULL,
  `STATE_ABR` char(2) DEFAULT NULL,
  `STATE_NM` varchar(100) DEFAULT NULL,
  `TOTAL_PASSENGERS` decimal(32,0) DEFAULT NULL
) ENGINE=InnoDB DEFAULT CHARSET=utf8mb4 COLLATE=utf8mb4_0900_ai_ci;
/*!40101 SET character_set_client = @saved_cs_client */;

--
-- Dumping data for table `all_city_pop`
--

LOCK TABLES `all_city_pop` WRITE;
/*!40000 ALTER TABLE `all_city_pop` DISABLE KEYS */;
INSERT INTO `all_city_pop` VALUES ('Allentown/Bethlehem/Easton','PA','Pennsylvania',120),('Albuquerque','NM','New Mexico',120),('Nantucket','MA','Massachusetts',120),('Dallas/Fort Worth','TX','Texas',120),('Albany','NY','New York',360),('Anchorage','AK','Alaska',120),('Aniak','AK','Alaska',240),('Aspen','CO','Colorado',120),('Austin','TX','Texas',240),('Scranton/Wilkes-Barre','PA','Pennsylvania',240),('Blacksburg','VA','Virginia',120),('Boca Raton','FL','Florida',120),('Hartford','CT','Connecticut',480),('Bedford','MA','Massachusetts',120),('Bethel','AK','Alaska',240),('Seattle','WA','Washington',720),('El Paso','TX','Texas',240),('Beckley','WV','West Virginia',120),('Boulder City','NV','Nevada',120),('Nashville','TN','Tennessee',360),('Boston','MA','Massachusetts',240),('Aguadilla','PR','Puerto Rico',120),('Burlington','IA','Iowa',120),('Buffalo','NY','New York',120),('Burbank','CA','California',120),('Baltimore','MD','Maryland',240),('Bozeman','MT','Montana',120),('Cape Girardeau','MO','Missouri',240),('Charlottesville','VA','Virginia',120),('College Station/Bryan','TX','Texas',360),('Charlotte','NC','North Carolina',240),('Columbus','OH','Ohio',120),('St. Louis','MO','Missouri',120),('Corpus Christi','TX','Texas',120),('Cincinnati','KY','Kentucky',120),('Chefornak','AK','Alaska',120),('Daytona Beach','FL','Florida',240),('Dayton','OH','Ohio',600),('Denver','CO','Colorado',360),('Dover','DE','Delaware',120),('Denton','TX','Texas',120),('Detroit','MI','Michigan',240),('Eek','AK','Alaska',120),('Kalispell','MT','Montana',120),('Fort Lauderdale','FL','Florida',480),('Friday Harbor','WA','Washington',240),('East Farmingdale','NY','New York',120),('Goodnews Bay','AK','Alaska',120),('Green Bay','WI','Wisconsin',120),('Greer','SC','South Carolina',120),('Hillsboro','OR','Oregon',120),('Honolulu','HI','Hawaii',120),('Houston','TX','Texas',360),('White Plains','NY','New York',960),('Harlingen/San Benito','TX','Texas',120),('Huntsville','AL','Alabama',120),('New Haven','CT','Connecticut',360),('Washington','VA','Virginia',120),('Wilmington','DE','Delaware',120),('Winston-Salem','NC','North Carolina',120),('El Centro','CA','California',120),('Hilo','HI','Hawaii',120),('New York','NY','New York',360),('Concord','NC','North Carolina',120),('Kenmore','WA','Washington',240),('Grayling','AK','Alaska',120),('Akiachak','AK','Alaska',120),('Kotlik','AK','Alaska',120),('St. Mary\'s','AK','Alaska',240),('Kasigluk','AK','Alaska',120),('Lakeland','FL','Florida',600),('Lansing','MI','Michigan',120),('Las Vegas','NV','Nevada',120),('Los Angeles','CA','California',600),('Lexington','KY','Kentucky',240),('Lincoln','NE','Nebraska',120),('Lanai','HI','Hawaii',120),('Lynchburg','VA','Virginia',120),('Manistee/Ludington','MI','Michigan',120),('Orlando','FL','Florida',120),('Harrisburg','PA','Pennsylvania',120),('Chicago','IL','Illinois',720),('Miami','FL','Florida',600),('Milwaukee','WI','Wisconsin',240),('Melbourne','FL','Florida',120),('Mobile','AL','Alabama',120),('Smyrna','TN','Tennessee',480),('Madison','WI','Wisconsin',120),('Marathon','FL','Florida',120),('Martha\'s Vineyard','MA','Massachusetts',120),('Nightmute','AK','Alaska',240),('Nunapitchuk','AK','Alaska',120),('Kahului','HI','Hawaii',120),('Oklahoma City','OK','Oklahoma',360),('Ontario','CA','California',120),('Owensboro','KY','Kentucky',360),('Everett','WA','Washington',840),('Paducah','KY','Kentucky',120),('West Palm Beach/Palm Beach','FL','Florida',240),('Portland','OR','Oregon',120),('Philadelphia','PA','Pennsylvania',360),('Pittsburgh','PA','Pennsylvania',360),('Napaskiak','AK','Alaska',120),('Palm Springs','CA','California',240),('Provincetown','MA','Massachusetts',120),('Providence','RI','Rhode Island',120),('Raleigh/Durham','NC','North Carolina',120),('Red Devil','AK','Alaska',120),('Richmond','VA','Virginia',240),('Rochester','NY','New York',240),('Russian Mission','AK','Alaska',240),('Fort Myers','FL','Florida',120),('San Antonio','TX','Texas',120),('Savannah','GA','Georgia',120),('Scammon Bay','AK','Alaska',120),('Louisville','KY','Kentucky',240),('Sandpoint','AK','Alaska',120),('Sanford','FL','Florida',120),('San Jose','CA','California',240),('Sleetmute','AK','Alaska',240),('Santa Ana','CA','California',120),('Saipan','TT','U.S. Pacific Trust Territories and Possessions',120),('Syracuse','NY','New York',120),('Takotna','AK','Alaska',120),('Teterboro','NJ','New Jersey',360),('Tacoma','WA','Washington',120),('Tok','AK','Alaska',120),('Tuluksak','AK','Alaska',120),('Tampa','FL','Florida',480),('Tulsa','OK','Oklahoma',240),('Tupelo','MS','Mississippi',120),('Knoxville','TN','Tennessee',120),('Waukegan','IL','Illinois',120),('Chevak','AK','Alaska',120),('Napakiak','AK','Alaska',240),('Yakima','WA','Washington',120),('Aniak','',NULL,NULL),('St. Mary\'s','',NULL,NULL),('Roche Harbor','',NULL,NULL),('Toksook','',NULL,NULL),('Nunapitchuk','',NULL,NULL),('Teterboro','',NULL,NULL),('Kasigluk','',NULL,NULL),('Newtok','',NULL,NULL),('Akiak','',NULL,NULL),('Napakiak','',NULL,NULL),('Tuluksak','',NULL,NULL),('Provincetown','',NULL,NULL),('Lopez Island','',NULL,NULL),('Sheldon Point','',NULL,NULL),('Nikolai','',NULL,NULL),('Friday Harbor','',NULL,NULL),('Peach Springs','',NULL,NULL),('Akiachak','',NULL,NULL),('Eastsound','',NULL,NULL),('Chuathbaluk','',NULL,NULL),('Eek','',NULL,NULL),('Cold Bay','',NULL,NULL),('Hooper Bay','',NULL,NULL),('Guam','',NULL,NULL),('Bedford','0',NULL,NULL),('Martha\'s Vineyard','',NULL,NULL),('Hyannis','',NULL,NULL),('Van Nuys','',NULL,NULL),('Charlotte Amalie','',NULL,NULL),('Kotlik','',NULL,NULL),('Gulkana','',NULL,NULL),('Emmonak','',NULL,NULL),('Quinhagak','',NULL,NULL),('Port Moller','',NULL,NULL),('Little Port Walter','',NULL,NULL),('Iliamna','',NULL,NULL),('Kotzebue','',NULL,NULL),('Chevak','',NULL,NULL),('Unalakleet','',NULL,NULL),('Red Devil','',NULL,NULL),('Chefornak','',NULL,NULL),('May Creek','',NULL,NULL),('Ruby','',NULL,NULL),('Crooked Creek','',NULL,NULL),('Sleetmute','',NULL,NULL),('Nulato','',NULL,NULL),('Anvik','',NULL,NULL),('Huslia','',NULL,NULL),('Golovin','',NULL,NULL),('Tuntutuliak','',NULL,NULL),('Kalskag','',NULL,NULL),('South Naknek','',NULL,NULL),('Wrangell','',NULL,NULL),('McGrath','',NULL,NULL),('Rampart','',NULL,NULL),('Barrow','',NULL,NULL),('Bangor','0',NULL,NULL),('St. George Island','',NULL,NULL),('Tok','',NULL,NULL),('Mountain Village','',NULL,NULL),('Akutan','',NULL,NULL),('Nome','',NULL,NULL),('Atmautluak','',NULL,NULL),('Scammon Bay','',NULL,NULL),('Allakaket','',NULL,NULL),('Alakanuk','',NULL,NULL),('Minto','',NULL,NULL),('Stony River','',NULL,NULL),('Elfin Cove','',NULL,NULL),('Napaskiak','',NULL,NULL),('McCarthy','',NULL,NULL),('Anaktuvuk Pass','',NULL,NULL),('Kwigillingok','',NULL,NULL),('Buckland','',NULL,NULL),('Saipan','',NULL,NULL),('Beaver','',NULL,NULL),('Dillingham','',NULL,NULL),('Yakutat','',NULL,NULL),('Chenega','',NULL,NULL),('Russian Mission','',NULL,NULL),('Goodnews Bay','',NULL,NULL),('Skwentna','',NULL,NULL),('Platinum','',NULL,NULL),('Chisana','',NULL,NULL),('Teller','',NULL,NULL),('Kwethluk','',NULL,NULL),('Tatitlek','',NULL,NULL),('Tanana','',NULL,NULL),('Barter Island','',NULL,NULL),('Deadhorse','',NULL,NULL),('Deering','',NULL,NULL),('Kongiganak','',NULL,NULL),('Wales','',NULL,NULL),('Beluga','',NULL,NULL),('Adak Island','',NULL,NULL),('Koyuk','',NULL,NULL),('Shaktoolik','',NULL,NULL),('Elim','',NULL,NULL),('Holy Cross','',NULL,NULL),('Inyokern','',NULL,NULL),('Unalaska','',NULL,NULL),('Takotna','',NULL,NULL),('Mosinee','',NULL,NULL),('King Salmon','',NULL,NULL),('Galena','',NULL,NULL),('Fort Yukon','',NULL,NULL),('Chalkyitsik','',NULL,NULL),('Kobuk','',NULL,NULL),('White Mountain','',NULL,NULL),('Savoonga','',NULL,NULL),('Cape Lisburne','',NULL,NULL),('Brevig Mission','',NULL,NULL),('Hoolehua','',NULL,NULL),('Nightmute','',NULL,NULL),('Noorvik','',NULL,NULL),('Kivalina','',NULL,NULL),('Selawik','',NULL,NULL),('Gambell','',NULL,NULL),('Tyonek','',NULL,NULL),('Hoonah','',NULL,NULL),('Shungnak','',NULL,NULL),('Stebbins','',NULL,NULL),('Noatak','',NULL,NULL),('Shishmaref','',NULL,NULL),('Kiana','',NULL,NULL),('Kipnuk','',NULL,NULL),('Point Hope','',NULL,NULL),('Rota','',NULL,NULL),('Cordova','',NULL,NULL),('Hancock','',NULL,NULL),('Pellston','',NULL,NULL),('Lanai','',NULL,NULL),('Pilot Station','',NULL,NULL),('Wake Island','',NULL,NULL),('Christiansted','',NULL,NULL),('Kona','',NULL,NULL),('Kapalua','',NULL,NULL),('Red Dog','',NULL,NULL),('Galbraith Lake','',NULL,NULL),('Twin Hills','',NULL,NULL),('Seldovia','',NULL,NULL),('Chignik','',NULL,NULL),('Chignik Bay','',NULL,NULL),('Grayling','',NULL,NULL),('Port Graham','',NULL,NULL),('Birch Creek','',NULL,NULL),('Tununak','',NULL,NULL),('Chignik Lagoon','',NULL,NULL),('Koyukuk','',NULL,NULL),('Port Armstrong','',NULL,NULL),('Pilot Point','',NULL,NULL),('Manley Hot Springs','',NULL,NULL),('Westhampton','',NULL,NULL),('Stafford','0',NULL,NULL),('Thermal','',NULL,NULL),('Tatalina','',NULL,NULL),('Shageluk','',NULL,NULL),('Healy','',NULL,NULL),('Ugashik','',NULL,NULL),('False Pass','',NULL,NULL),('Hughes','',NULL,NULL),('Point Lay','',NULL,NULL),('Wainwright','',NULL,NULL),('Kaltag','',NULL,NULL),('Gustavus','',NULL,NULL),('Port Heiden','',NULL,NULL),('Lebanon-Hanover','',NULL,NULL),('New Stuyahok','',NULL,NULL),('Stevens Village','',NULL,NULL),('Igiugig','',NULL,NULL),('Chicken','',NULL,NULL),('Arctic Village','',NULL,NULL),('Togiak','',NULL,NULL),('Ekwok','',NULL,NULL),('Mekoryuk','',NULL,NULL),('Hana','',NULL,NULL),('Chicopee Falls','',NULL,NULL),('Haines','',NULL,NULL),('Nelson Lagoon','',NULL,NULL),('Tinian','',NULL,NULL),('Akun','',NULL,NULL),('Venetie','',NULL,NULL),('Coldfoot','',NULL,NULL),('Cape Newenham','',NULL,NULL),('Port Alexander','',NULL,NULL),('Klawock','',NULL,NULL),('Atqasuk','',NULL,NULL),('Utopia','',NULL,NULL),('Lake Minchumina','',NULL,NULL),('Tenakee','',NULL,NULL),('Koliganek','',NULL,NULL),('Tin City','',NULL,NULL),('Pelican','',NULL,NULL),('Kake','',NULL,NULL),('Egegik','',NULL,NULL),('Diomede Island','',NULL,NULL),('Nikolski','',NULL,NULL),('Atka','',NULL,NULL),('Nuiqsut','',NULL,NULL),('Cape Romanzof','',NULL,NULL),('Nanwalek','',NULL,NULL),('Prospect Creek','',NULL,NULL),('Levelock','',NULL,NULL),('King Cove','',NULL,NULL),('Circle','',NULL,NULL),('Culebra','',NULL,NULL),('Vieques','',NULL,NULL),('Skagway','',NULL,NULL),('Eagle Nest','',NULL,NULL),('Kamuela','',NULL,NULL),('Clarks Point','',NULL,NULL),('Bettles','',NULL,NULL),('Manokotak','',NULL,NULL),('Angoon','',NULL,NULL),('Kalaupapa','',NULL,NULL),('Wolf Point','',NULL,NULL),('Llano','',NULL,NULL),('Block Island','',NULL,NULL),('Telluride','',NULL,NULL);
/*!40000 ALTER TABLE `all_city_pop` ENABLE KEYS */;
UNLOCK TABLES;

--
-- Table structure for table `city`
--

DROP TABLE IF EXISTS `city`;
/*!40101 SET @saved_cs_client     = @@character_set_client */;
/*!50503 SET character_set_client = utf8mb4 */;
CREATE TABLE `city` (
  `City_id` int NOT NULL DEFAULT '0',
  `City_Name` varchar(100) DEFAULT NULL,
  `State_ABR` char(2) DEFAULT NULL,
  `State_NM` varchar(100) DEFAULT NULL,
  `Population` decimal(32,0) NOT NULL DEFAULT '0'
) ENGINE=InnoDB DEFAULT CHARSET=utf8mb4 COLLATE=utf8mb4_0900_ai_ci;
/*!40101 SET character_set_client = @saved_cs_client */;

--
-- Dumping data for table `city`
--

LOCK TABLES `city` WRITE;
/*!40000 ALTER TABLE `city` DISABLE KEYS */;
INSERT INTO `city` VALUES (1,'Peach Springs','AZ','Arizona',148216),(2,'Allentown/Bethlehem/Easton','PA','Pennsylvania',205189),(3,'Albuquerque','NM','New Mexico',131297),(4,'Nantucket','MA','Massachusetts',190917),(5,'Dallas/Fort Worth','TX','Texas',110696),(6,'Akiak','AK','Alaska',130729),(7,'Albany','NY','New York',71555),(8,'Anchorage','AK','Alaska',115591),(9,'Aniak','AK','Alaska',113290),(10,'Aspen','CO','Colorado',169677),(11,'Austin','TX','Texas',58514),(12,'Scranton/Wilkes-Barre','PA','Pennsylvania',133542),(13,'Blacksburg','VA','Virginia',242169),(14,'Boca Raton','FL','Florida',160214),(15,'Hartford','CT','Connecticut',224566),(16,'Bedford','MA','Massachusetts',192188),(17,'Bethel','AK','Alaska',237241),(18,'Bradford','PA','Pennsylvania',159639),(19,'Seattle','WA','Washington',236474),(20,'El Paso','TX','Texas',53452),(21,'Beckley','WV','West Virginia',107841),(22,'Boulder City','NV','Nevada',128848),(23,'Nashville','TN','Tennessee',70715),(24,'Boston','MA','Massachusetts',117033),(25,'Aguadilla','PR','Puerto Rico',123021),(26,'Burlington','IA','Iowa',214007),(27,'Buffalo','NY','New York',50969),(28,'Burbank','CA','California',162826),(29,'Baltimore','MD','Maryland',211222),(30,'Bozeman','MT','Montana',117631),(31,'Columbia','SC','South Carolina',104491),(32,'Cold Bay','AK','Alaska',119561),(33,'Cape Girardeau','MO','Missouri',234332),(34,'Charlottesville','VA','Virginia',162976),(35,'Chuathbaluk','AK','Alaska',61885),(36,'College Station/Bryan','TX','Texas',170500),(37,'Charlotte','NC','North Carolina',216841),(38,'Columbus','OH','Ohio',122704),(39,'St. Louis','MO','Missouri',113001),(40,'Corpus Christi','TX','Texas',146892),(41,'Cincinnati','KY','Kentucky',145457),(42,'Chefornak','AK','Alaska',236608),(43,'Daytona Beach','FL','Florida',96669),(44,'Dayton','OH','Ohio',123523),(45,'Washington','VA','Virginia',77605),(46,'Denver','CO','Colorado',167460),(47,'Dover','DE','Delaware',154481),(48,'Denton','TX','Texas',220026),(49,'Detroit','MI','Michigan',186687),(50,'Eagle','AK','Alaska',223356),(51,'Eek','AK','Alaska',106716),(52,'Eagle','CO','Colorado',213517),(53,'Newark','NJ','New Jersey',97432),(54,'Kalispell','MT','Montana',196612),(55,'Fort Lauderdale','FL','Florida',240765),(56,'Friday Harbor','WA','Washington',163984),(57,'East Farmingdale','NY','New York',247629),(58,'Fayetteville','AR','Arkansas',96191),(59,'Goodnews Bay','AK','Alaska',88070),(60,'Gainesville','FL','Florida',101778),(61,'Green Bay','WI','Wisconsin',194681),(62,'Greer','SC','South Carolina',218070),(63,'Gunnison','CO','Colorado',56304),(64,'Guam','TT','U.S. Pacific Trust Territories and Possessions',177314),(65,'Hayden','CO','Colorado',67655),(66,'Hillsboro','OR','Oregon',156336),(67,'Honolulu','HI','Hawaii',128713),(68,'Houston','TX','Texas',124557),(69,'Hooper Bay','AK','Alaska',186647),(70,'White Plains','NY','New York',109565),(71,'Harlingen/San Benito','TX','Texas',137882),(72,'Huntsville','AL','Alabama',110718),(73,'New Haven','CT','Connecticut',89942),(74,'Hyannis','MA','Massachusetts',67555),(75,'Wichita','KS','Kansas',217953),(76,'Wilmington','DE','Delaware',237097),(77,'Indianapolis','IN','Indiana',81624),(78,'Winston-Salem','NC','North Carolina',246834),(79,'El Centro','CA','California',139294),(80,'Hilo','HI','Hawaii',105970),(81,'Jackson/Vicksburg','MS','Mississippi',61969),(82,'Jacksonville','FL','Florida',141937),(83,'New York','NY','New York',73777),(84,'Concord','NC','North Carolina',93076),(85,'Kenmore','WA','Washington',194048),(86,'Grayling','AK','Alaska',241010),(87,'Akiachak','AK','Alaska',172905),(88,'Kotlik','AK','Alaska',91497),(89,'St. Mary\'s','AK','Alaska',88769),(90,'Kasigluk','AK','Alaska',119356),(91,'Lakeland','FL','Florida',80474),(92,'Lansing','MI','Michigan',194303),(93,'Las Vegas','NV','Nevada',80092),(94,'Los Angeles','CA','California',167552),(95,'Lexington','KY','Kentucky',147483),(96,'Long Beach','CA','California',184760),(97,'Lihue','HI','Hawaii',231351),(98,'Lincoln','NE','Nebraska',152474),(99,'Lanai','HI','Hawaii',218316),(100,'Lopez Island','WA','Washington',184158),(101,'Lynchburg','VA','Virginia',215841),(102,'Manistee/Ludington','MI','Michigan',76731),(103,'Orlando','FL','Florida',86135),(104,'Harrisburg','PA','Pennsylvania',150484),(105,'Chicago','IL','Illinois',244012),(106,'Mission/McAllen/Edinburg','TX','Texas',118608),(107,'Miami','FL','Florida',211004),(108,'Milwaukee','WI','Wisconsin',249197),(109,'Melbourne','FL','Florida',162969),(110,'Marshall','AK','Alaska',217255),(111,'Mobile','AL','Alabama',147369),(112,'Smyrna','TN','Tennessee',235079),(113,'Madison','WI','Wisconsin',83288),(114,'Missoula','MT','Montana',61206),(115,'Marathon','FL','Florida',206166),(116,'Martha\'s Vineyard','MA','Massachusetts',197208),(117,'Nikolai','AK','Alaska',117544),(118,'Nightmute','AK','Alaska',146097),(119,'Nunapitchuk','AK','Alaska',127854),(120,'Oakland','CA','California',150978),(121,'Kahului','HI','Hawaii',121326),(122,'Oklahoma City','OK','Oklahoma',103698),(123,'Ontario','CA','California',104514),(124,'Toksook','AK','Alaska',161474),(125,'Norfolk','VA','Virginia',243827),(126,'Owensboro','KY','Kentucky',84710),(127,'Everett','WA','Washington',242074),(128,'Paducah','KY','Kentucky',106237),(129,'West Palm Beach/Palm Beach','FL','Florida',154964),(130,'Portland','OR','Oregon',206110),(131,'Philadelphia','PA','Pennsylvania',115655),(132,'Pittsburgh','PA','Pennsylvania',109947),(133,'Napaskiak','AK','Alaska',152773),(134,'Palm Springs','CA','California',184020),(135,'Provincetown','MA','Massachusetts',211781),(136,'Providence','RI','Rhode Island',56844),(137,'Roche Harbor','WA','Washington',198879),(138,'Bend/Redmond','OR','Oregon',173864),(139,'Raleigh/Durham','NC','North Carolina',222680),(140,'Red Devil','AK','Alaska',141810),(141,'Richmond','VA','Virginia',191009),(142,'Roanoke','VA','Virginia',79614),(143,'Rochester','NY','New York',175048),(144,'Russian Mission','AK','Alaska',186394),(145,'Fort Myers','FL','Florida',156825),(146,'San Diego','CA','California',174943),(147,'San Antonio','TX','Texas',154241),(148,'Savannah','GA','Georgia',196375),(149,'Santa Barbara','CA','California',69150),(150,'San Bernardino','CA','California',106629),(151,'South Bend','IN','Indiana',75695),(152,'State College','PA','Pennsylvania',208589),(153,'Scammon Bay','AK','Alaska',165858),(154,'Louisville','KY','Kentucky',153521),(155,'Sandpoint','AK','Alaska',220035),(156,'Sanford','FL','Florida',189608),(157,'San Francisco','CA','California',237934),(158,'San Jose','CA','California',170848),(159,'San Juan','PR','Puerto Rico',90437),(160,'Sleetmute','AK','Alaska',89642),(161,'Santa Ana','CA','California',126901),(162,'Saipan','TT','U.S. Pacific Trust Territories and Possessions',115578),(163,'Sarasota/Bradenton','FL','Florida',147185),(164,'Stuart','FL','Florida',139194),(165,'Stillwater','OK','Oklahoma',204413),(166,'Sheldon Point','AK','Alaska',154482),(167,'Syracuse','NY','New York',109171),(168,'Takotna','AK','Alaska',232412),(169,'Teterboro','NJ','New Jersey',184545),(170,'Tacoma','WA','Washington',175490),(171,'Tok','AK','Alaska',73815),(172,'Tuluksak','AK','Alaska',192608),(173,'Tampa','FL','Florida',91592),(174,'Tulsa','OK','Oklahoma',230138),(175,'Tupelo','MS','Mississippi',225910),(176,'Traverse City','MI','Michigan',189136),(177,'Knoxville','TN','Tennessee',217951),(178,'Waukegan','IL','Illinois',72347),(179,'Chevak','AK','Alaska',57884),(180,'Napakiak','AK','Alaska',222382),(181,'Newtok','AK','Alaska',88254),(182,'Yakima','WA','Washington',124125),(183,'Dallas','TX','Texas',105865),(256,'Peach Springs','AZ','Arizona',106948),(257,'Allentown/Bethlehem/Easton','PA','Pennsylvania',167147),(258,'Albuquerque','NM','New Mexico',64891),(259,'Nantucket','MA','Massachusetts',173015),(260,'Dallas/Fort Worth','TX','Texas',220401),(261,'Akiak','AK','Alaska',132958),(262,'Albany','NY','New York',153590),(263,'Anchorage','AK','Alaska',119075),(264,'Aniak','AK','Alaska',84607),(265,'Aspen','CO','Colorado',215808),(266,'Austin','TX','Texas',175220),(267,'Scranton/Wilkes-Barre','PA','Pennsylvania',178675),(268,'Blacksburg','VA','Virginia',117714),(269,'Boca Raton','FL','Florida',202546),(270,'Hartford','CT','Connecticut',209587),(271,'Bedford','MA','Massachusetts',190296),(272,'Bethel','AK','Alaska',72721),(273,'Bradford','PA','Pennsylvania',142717),(274,'Seattle','WA','Washington',245421),(275,'El Paso','TX','Texas',148953),(276,'Beckley','WV','West Virginia',158502),(277,'Boulder City','NV','Nevada',95651),(278,'Nashville','TN','Tennessee',152752),(279,'Boston','MA','Massachusetts',226808),(280,'Aguadilla','PR','Puerto Rico',225779),(281,'Burlington','IA','Iowa',198473),(282,'Buffalo','NY','New York',65027),(283,'Burbank','CA','California',79720),(284,'Baltimore','MD','Maryland',153519),(285,'Bozeman','MT','Montana',78433),(286,'Columbia','SC','South Carolina',81608),(287,'Cold Bay','AK','Alaska',122745),(288,'Cape Girardeau','MO','Missouri',118897),(289,'Charlottesville','VA','Virginia',176252),(290,'Chuathbaluk','AK','Alaska',74567),(291,'College Station/Bryan','TX','Texas',194080),(292,'Charlotte','NC','North Carolina',96698),(293,'Columbus','OH','Ohio',51250),(294,'St. Louis','MO','Missouri',116159),(295,'Corpus Christi','TX','Texas',177044),(296,'Cincinnati','KY','Kentucky',86741),(297,'Chefornak','AK','Alaska',52576),(298,'Daytona Beach','FL','Florida',152659),(299,'Dayton','OH','Ohio',155563),(300,'Washington','VA','Virginia',69838),(301,'Denver','CO','Colorado',232502),(302,'Dover','DE','Delaware',102993),(303,'Denton','TX','Texas',167463),(304,'Detroit','MI','Michigan',78336),(305,'Eagle','AK','Alaska',239292),(306,'Eek','AK','Alaska',111449),(307,'Eagle','CO','Colorado',189370),(308,'Newark','NJ','New Jersey',162503),(309,'Kalispell','MT','Montana',194406),(310,'Fort Lauderdale','FL','Florida',234518),(311,'Friday Harbor','WA','Washington',139373),(312,'East Farmingdale','NY','New York',143314),(313,'Fayetteville','AR','Arkansas',248449),(314,'Goodnews Bay','AK','Alaska',162300),(315,'Gainesville','FL','Florida',216157),(316,'Green Bay','WI','Wisconsin',143884),(317,'Greer','SC','South Carolina',220948),(318,'Gunnison','CO','Colorado',223089),(319,'Guam','TT','U.S. Pacific Trust Territories and Possessions',202598),(320,'Hayden','CO','Colorado',93725),(321,'Hillsboro','OR','Oregon',210833),(322,'Honolulu','HI','Hawaii',122987),(323,'Houston','TX','Texas',132436),(324,'Hooper Bay','AK','Alaska',243222),(325,'White Plains','NY','New York',168798),(326,'Harlingen/San Benito','TX','Texas',64327),(327,'Huntsville','AL','Alabama',165240),(328,'New Haven','CT','Connecticut',183219),(329,'Hyannis','MA','Massachusetts',170374),(330,'Wichita','KS','Kansas',52214),(331,'Wilmington','DE','Delaware',99949),(332,'Indianapolis','IN','Indiana',93104),(333,'Winston-Salem','NC','North Carolina',115672),(334,'El Centro','CA','California',249048),(335,'Hilo','HI','Hawaii',248223),(336,'Jackson/Vicksburg','MS','Mississippi',243968),(337,'Jacksonville','FL','Florida',225174),(338,'New York','NY','New York',143962),(339,'Concord','NC','North Carolina',194291),(340,'Kenmore','WA','Washington',89567),(341,'Grayling','AK','Alaska',214964),(342,'Akiachak','AK','Alaska',156116),(343,'Kotlik','AK','Alaska',85690),(344,'St. Mary\'s','AK','Alaska',110102),(345,'Kasigluk','AK','Alaska',243439),(346,'Lakeland','FL','Florida',236888),(347,'Lansing','MI','Michigan',204124),(348,'Las Vegas','NV','Nevada',59954),(349,'Los Angeles','CA','California',237403),(350,'Lexington','KY','Kentucky',157147),(351,'Long Beach','CA','California',223530),(352,'Lihue','HI','Hawaii',196206),(353,'Lincoln','NE','Nebraska',60440),(354,'Lanai','HI','Hawaii',63584),(355,'Lopez Island','WA','Washington',86602),(356,'Lynchburg','VA','Virginia',192257),(357,'Manistee/Ludington','MI','Michigan',51477),(358,'Orlando','FL','Florida',230615),(359,'Harrisburg','PA','Pennsylvania',148644),(360,'Chicago','IL','Illinois',201374),(361,'Mission/McAllen/Edinburg','TX','Texas',110939),(362,'Miami','FL','Florida',100573),(363,'Milwaukee','WI','Wisconsin',120047),(364,'Melbourne','FL','Florida',248519),(365,'Marshall','AK','Alaska',232452),(366,'Mobile','AL','Alabama',166699),(367,'Smyrna','TN','Tennessee',86143),(368,'Madison','WI','Wisconsin',80619),(369,'Missoula','MT','Montana',94665),(370,'Marathon','FL','Florida',181470),(371,'Martha\'s Vineyard','MA','Massachusetts',173352),(372,'Nikolai','AK','Alaska',72350),(373,'Nightmute','AK','Alaska',191697),(374,'Nunapitchuk','AK','Alaska',91432),(375,'Oakland','CA','California',232070),(376,'Kahului','HI','Hawaii',236054),(377,'Oklahoma City','OK','Oklahoma',234057),(378,'Ontario','CA','California',212124),(379,'Toksook','AK','Alaska',108449),(380,'Norfolk','VA','Virginia',55874),(381,'Owensboro','KY','Kentucky',104025),(382,'Everett','WA','Washington',102503),(383,'Paducah','KY','Kentucky',150438),(384,'West Palm Beach/Palm Beach','FL','Florida',194683),(385,'Portland','OR','Oregon',72098),(386,'Philadelphia','PA','Pennsylvania',126445),(387,'Pittsburgh','PA','Pennsylvania',165931),(388,'Napaskiak','AK','Alaska',200318),(389,'Palm Springs','CA','California',53798),(390,'Provincetown','MA','Massachusetts',218038),(391,'Providence','RI','Rhode Island',78790),(392,'Roche Harbor','WA','Washington',89842),(393,'Bend/Redmond','OR','Oregon',162840),(394,'Raleigh/Durham','NC','North Carolina',94672),(395,'Red Devil','AK','Alaska',134843),(396,'Richmond','VA','Virginia',140197),(397,'Roanoke','VA','Virginia',246459),(398,'Rochester','NY','New York',161699),(399,'Russian Mission','AK','Alaska',219121),(400,'Fort Myers','FL','Florida',160507),(401,'San Diego','CA','California',95172),(402,'San Antonio','TX','Texas',144340),(403,'Savannah','GA','Georgia',186182),(404,'Santa Barbara','CA','California',247889),(405,'San Bernardino','CA','California',230900),(406,'South Bend','IN','Indiana',160833),(407,'State College','PA','Pennsylvania',61466),(408,'Scammon Bay','AK','Alaska',174832),(409,'Louisville','KY','Kentucky',239761),(410,'Sandpoint','AK','Alaska',224306),(411,'Sanford','FL','Florida',152247),(412,'San Francisco','CA','California',238317),(413,'San Jose','CA','California',84843),(414,'San Juan','PR','Puerto Rico',59267),(415,'Sleetmute','AK','Alaska',191805),(416,'Santa Ana','CA','California',131223),(417,'Saipan','TT','U.S. Pacific Trust Territories and Possessions',230702),(418,'Sarasota/Bradenton','FL','Florida',109838),(419,'Stuart','FL','Florida',207089),(420,'Stillwater','OK','Oklahoma',55925),(421,'Sheldon Point','AK','Alaska',208363),(422,'Syracuse','NY','New York',224037),(423,'Takotna','AK','Alaska',245097),(424,'Teterboro','NJ','New Jersey',103371),(425,'Tacoma','WA','Washington',131567),(426,'Tok','AK','Alaska',97719),(427,'Tuluksak','AK','Alaska',243899),(428,'Tampa','FL','Florida',76332),(429,'Tulsa','OK','Oklahoma',199968),(430,'Tupelo','MS','Mississippi',120843),(431,'Traverse City','MI','Michigan',154311),(432,'Knoxville','TN','Tennessee',159024),(433,'Waukegan','IL','Illinois',82187),(434,'Chevak','AK','Alaska',83867),(435,'Napakiak','AK','Alaska',122773),(436,'Newtok','AK','Alaska',112263),(437,'Yakima','WA','Washington',142995),(438,'Dallas','TX','Texas',128186);
/*!40000 ALTER TABLE `city` ENABLE KEYS */;
UNLOCK TABLES;

--
-- Table structure for table `city_new`
--

DROP TABLE IF EXISTS `city_new`;
/*!40101 SET @saved_cs_client     = @@character_set_client */;
/*!50503 SET character_set_client = utf8mb4 */;
CREATE TABLE `city_new` (
  `City_id` int NOT NULL DEFAULT '0',
  `City_Name` varchar(100) DEFAULT NULL,
  `STATE_ABR` char(2) DEFAULT NULL,
  `State_NM` varchar(100) DEFAULT NULL,
  `Population` decimal(32,0) NOT NULL DEFAULT '0'
) ENGINE=InnoDB DEFAULT CHARSET=utf8mb4 COLLATE=utf8mb4_0900_ai_ci;
/*!40101 SET character_set_client = @saved_cs_client */;

--
-- Dumping data for table `city_new`
--

LOCK TABLES `city_new` WRITE;
/*!40000 ALTER TABLE `city_new` DISABLE KEYS */;
INSERT INTO `city_new` VALUES (1,'Peach Springs','AZ','Arizona',162215),(2,'Allentown/Bethlehem/Easton','PA','Pennsylvania',238100),(3,'Albuquerque','NM','New Mexico',53849),(4,'Nantucket','MA','Massachusetts',104951),(5,'Dallas/Fort Worth','TX','Texas',113209),(6,'Akiak','AK','Alaska',201190),(7,'Albany','NY','New York',216324),(8,'Anchorage','AK','Alaska',228048),(9,'Aniak','AK','Alaska',241267),(10,'Aspen','CO','Colorado',72188),(11,'Austin','TX','Texas',187143),(12,'Scranton/Wilkes-Barre','PA','Pennsylvania',69150),(13,'Blacksburg','VA','Virginia',134325),(14,'Boca Raton','FL','Florida',214173),(15,'Hartford','CT','Connecticut',217887),(16,'Bedford','MA','Massachusetts',196917),(17,'Bethel','AK','Alaska',80925),(18,'Bradford','PA','Pennsylvania',163877),(19,'Seattle','WA','Washington',126606),(20,'El Paso','TX','Texas',91398),(21,'Beckley','WV','West Virginia',227177),(22,'Boulder City','NV','Nevada',211688),(23,'Nashville','TN','Tennessee',126908),(24,'Boston','MA','Massachusetts',149478),(25,'Aguadilla','PR','Puerto Rico',116664),(26,'Burlington','IA','Iowa',84886),(27,'Buffalo','NY','New York',224440),(28,'Burbank','CA','California',217538),(29,'Baltimore','MD','Maryland',164371),(30,'Bozeman','MT','Montana',119243),(31,'Columbia','SC','South Carolina',53103),(32,'Cold Bay','AK','Alaska',57787),(33,'Cape Girardeau','MO','Missouri',79628),(34,'Charlottesville','VA','Virginia',174777),(35,'Chuathbaluk','AK','Alaska',185000),(36,'College Station/Bryan','TX','Texas',150668),(37,'Charlotte','NC','North Carolina',148341),(38,'Columbus','OH','Ohio',239701),(39,'St. Louis','MO','Missouri',103481),(40,'Corpus Christi','TX','Texas',148304),(41,'Cincinnati','KY','Kentucky',181076),(42,'Chefornak','AK','Alaska',210470),(43,'Daytona Beach','FL','Florida',59117),(44,'Dayton','OH','Ohio',214180),(45,'Washington','VA','Virginia',243545),(46,'Denver','CO','Colorado',125183),(47,'Dover','DE','Delaware',245283),(48,'Denton','TX','Texas',200864),(49,'Detroit','MI','Michigan',218472),(50,'Eagle','AK','Alaska',239766),(51,'Eek','AK','Alaska',93411),(52,'Eagle','CO','Colorado',97763),(53,'Newark','NJ','New Jersey',158581),(54,'Kalispell','MT','Montana',249617),(55,'Fort Lauderdale','FL','Florida',122338),(56,'Friday Harbor','WA','Washington',212843),(57,'East Farmingdale','NY','New York',247198),(58,'Fayetteville','AR','Arkansas',147461),(59,'Goodnews Bay','AK','Alaska',145710),(60,'Gainesville','FL','Florida',236168),(61,'Green Bay','WI','Wisconsin',93707),(62,'Greer','SC','South Carolina',110032),(63,'Gunnison','CO','Colorado',219043),(64,'Guam','TT','U.S. Pacific Trust Territories and Possessions',115116),(65,'Hayden','CO','Colorado',68452),(66,'Hillsboro','OR','Oregon',146912),(67,'Honolulu','HI','Hawaii',79205),(68,'Houston','TX','Texas',105292),(69,'Hooper Bay','AK','Alaska',238842),(70,'White Plains','NY','New York',228332),(71,'Harlingen/San Benito','TX','Texas',175133),(72,'Huntsville','AL','Alabama',140670),(73,'New Haven','CT','Connecticut',127952),(74,'Hyannis','MA','Massachusetts',167751),(75,'Wichita','KS','Kansas',204896),(76,'Wilmington','DE','Delaware',71227),(77,'Indianapolis','IN','Indiana',91451),(78,'Winston-Salem','NC','North Carolina',193573),(79,'El Centro','CA','California',243513),(80,'Hilo','HI','Hawaii',186841),(81,'Jackson/Vicksburg','MS','Mississippi',153670),(82,'Jacksonville','FL','Florida',157825),(83,'New York','NY','New York',78114),(84,'Concord','NC','North Carolina',67097),(85,'Kenmore','WA','Washington',51144),(86,'Grayling','AK','Alaska',204429),(87,'Akiachak','AK','Alaska',218712),(88,'Kotlik','AK','Alaska',230273),(89,'St. Mary\'s','AK','Alaska',245230),(90,'Kasigluk','AK','Alaska',85327),(91,'Lakeland','FL','Florida',240950),(92,'Lansing','MI','Michigan',98767),(93,'Las Vegas','NV','Nevada',120986),(94,'Los Angeles','CA','California',58627),(95,'Lexington','KY','Kentucky',80182),(96,'Long Beach','CA','California',175027),(97,'Lihue','HI','Hawaii',184586),(98,'Lincoln','NE','Nebraska',147851),(99,'Lanai','HI','Hawaii',135496),(100,'Lopez Island','WA','Washington',183928),(101,'Lynchburg','VA','Virginia',63151),(102,'Manistee/Ludington','MI','Michigan',113973),(103,'Orlando','FL','Florida',130414),(104,'Harrisburg','PA','Pennsylvania',60147),(105,'Chicago','IL','Illinois',59495),(106,'Mission/McAllen/Edinburg','TX','Texas',67036),(107,'Miami','FL','Florida',106694),(108,'Milwaukee','WI','Wisconsin',82361),(109,'Melbourne','FL','Florida',241724),(110,'Marshall','AK','Alaska',111534),(111,'Mobile','AL','Alabama',182499),(112,'Smyrna','TN','Tennessee',127892),(113,'Madison','WI','Wisconsin',241966),(114,'Missoula','MT','Montana',176149),(115,'Marathon','FL','Florida',104848),(116,'Martha\'s Vineyard','MA','Massachusetts',145797),(117,'Nikolai','AK','Alaska',164437),(118,'Nightmute','AK','Alaska',134795),(119,'Nunapitchuk','AK','Alaska',130665),(120,'Oakland','CA','California',198941),(121,'Kahului','HI','Hawaii',152708),(122,'Oklahoma City','OK','Oklahoma',116718),(123,'Ontario','CA','California',75465),(124,'Toksook','AK','Alaska',177174),(125,'Norfolk','VA','Virginia',209473),(126,'Owensboro','KY','Kentucky',65841),(127,'Everett','WA','Washington',50791),(128,'Paducah','KY','Kentucky',206432),(129,'West Palm Beach/Palm Beach','FL','Florida',229784),(130,'Portland','OR','Oregon',79621),(131,'Philadelphia','PA','Pennsylvania',58758),(132,'Pittsburgh','PA','Pennsylvania',204927),(133,'Napaskiak','AK','Alaska',198357),(134,'Palm Springs','CA','California',127005),(135,'Provincetown','MA','Massachusetts',189955),(136,'Providence','RI','Rhode Island',118758),(137,'Roche Harbor','WA','Washington',173929),(138,'Bend/Redmond','OR','Oregon',63369),(139,'Raleigh/Durham','NC','North Carolina',145060),(140,'Red Devil','AK','Alaska',85191),(141,'Richmond','VA','Virginia',140775),(142,'Roanoke','VA','Virginia',198305),(143,'Rochester','NY','New York',119196),(144,'Russian Mission','AK','Alaska',151069),(145,'Fort Myers','FL','Florida',147756),(146,'San Diego','CA','California',235574),(147,'San Antonio','TX','Texas',84599),(148,'Savannah','GA','Georgia',66274),(149,'Santa Barbara','CA','California',227575),(150,'San Bernardino','CA','California',89049),(151,'South Bend','IN','Indiana',112523),(152,'State College','PA','Pennsylvania',245469),(153,'Scammon Bay','AK','Alaska',239772),(154,'Louisville','KY','Kentucky',212455),(155,'Sandpoint','AK','Alaska',92957),(156,'Sanford','FL','Florida',177421),(157,'San Francisco','CA','California',158235),(158,'San Jose','CA','California',208912),(159,'San Juan','PR','Puerto Rico',119854),(160,'Sleetmute','AK','Alaska',122535),(161,'Santa Ana','CA','California',203115),(162,'Saipan','TT','U.S. Pacific Trust Territories and Possessions',197966),(163,'Sarasota/Bradenton','FL','Florida',130485),(164,'Stuart','FL','Florida',208529),(165,'Stillwater','OK','Oklahoma',201190),(166,'Sheldon Point','AK','Alaska',130362),(167,'Syracuse','NY','New York',198239),(168,'Takotna','AK','Alaska',150110),(169,'Teterboro','NJ','New Jersey',105832),(170,'Tacoma','WA','Washington',228832),(171,'Tok','AK','Alaska',176660),(172,'Tuluksak','AK','Alaska',146807),(173,'Tampa','FL','Florida',154057),(174,'Tulsa','OK','Oklahoma',79860),(175,'Tupelo','MS','Mississippi',87131),(176,'Traverse City','MI','Michigan',146078),(177,'Knoxville','TN','Tennessee',218995),(178,'Waukegan','IL','Illinois',206741),(179,'Chevak','AK','Alaska',126719),(180,'Napakiak','AK','Alaska',163375),(181,'Newtok','AK','Alaska',186714),(182,'Yakima','WA','Washington',193447),(183,'Dallas','TX','Texas',157092),(256,'Peach Springs','AZ','Arizona',155119),(257,'Allentown/Bethlehem/Easton','PA','Pennsylvania',54318),(258,'Albuquerque','NM','New Mexico',156237),(259,'Nantucket','MA','Massachusetts',168227),(260,'Dallas/Fort Worth','TX','Texas',122427),(261,'Akiak','AK','Alaska',57452),(262,'Albany','NY','New York',69980),(263,'Anchorage','AK','Alaska',127544),(264,'Aniak','AK','Alaska',177780),(265,'Aspen','CO','Colorado',56266),(266,'Austin','TX','Texas',97994),(267,'Scranton/Wilkes-Barre','PA','Pennsylvania',71171),(268,'Blacksburg','VA','Virginia',211876),(269,'Boca Raton','FL','Florida',195862),(270,'Hartford','CT','Connecticut',93683),(271,'Bedford','MA','Massachusetts',230830),(272,'Bethel','AK','Alaska',223099),(273,'Bradford','PA','Pennsylvania',173006),(274,'Seattle','WA','Washington',145732),(275,'El Paso','TX','Texas',159642),(276,'Beckley','WV','West Virginia',111013),(277,'Boulder City','NV','Nevada',226143),(278,'Nashville','TN','Tennessee',147674),(279,'Boston','MA','Massachusetts',209940),(280,'Aguadilla','PR','Puerto Rico',156676),(281,'Burlington','IA','Iowa',103561),(282,'Buffalo','NY','New York',197778),(283,'Burbank','CA','California',228205),(284,'Baltimore','MD','Maryland',97692),(285,'Bozeman','MT','Montana',153845),(286,'Columbia','SC','South Carolina',226151),(287,'Cold Bay','AK','Alaska',219216),(288,'Cape Girardeau','MO','Missouri',167626),(289,'Charlottesville','VA','Virginia',130484),(290,'Chuathbaluk','AK','Alaska',99543),(291,'College Station/Bryan','TX','Texas',56264),(292,'Charlotte','NC','North Carolina',132692),(293,'Columbus','OH','Ohio',244666),(294,'St. Louis','MO','Missouri',175254),(295,'Corpus Christi','TX','Texas',92271),(296,'Cincinnati','KY','Kentucky',85595),(297,'Chefornak','AK','Alaska',101163),(298,'Daytona Beach','FL','Florida',199029),(299,'Dayton','OH','Ohio',241656),(300,'Washington','VA','Virginia',161191),(301,'Denver','CO','Colorado',230987),(302,'Dover','DE','Delaware',221362),(303,'Denton','TX','Texas',163848),(304,'Detroit','MI','Michigan',105155),(305,'Eagle','AK','Alaska',184232),(306,'Eek','AK','Alaska',155694),(307,'Eagle','CO','Colorado',175776),(308,'Newark','NJ','New Jersey',161797),(309,'Kalispell','MT','Montana',231656),(310,'Fort Lauderdale','FL','Florida',222888),(311,'Friday Harbor','WA','Washington',169473),(312,'East Farmingdale','NY','New York',128702),(313,'Fayetteville','AR','Arkansas',85091),(314,'Goodnews Bay','AK','Alaska',189350),(315,'Gainesville','FL','Florida',241477),(316,'Green Bay','WI','Wisconsin',189333),(317,'Greer','SC','South Carolina',172233),(318,'Gunnison','CO','Colorado',243167),(319,'Guam','TT','U.S. Pacific Trust Territories and Possessions',249136),(320,'Hayden','CO','Colorado',66177),(321,'Hillsboro','OR','Oregon',133481),(322,'Honolulu','HI','Hawaii',218872),(323,'Houston','TX','Texas',243918),(324,'Hooper Bay','AK','Alaska',112972),(325,'White Plains','NY','New York',183108),(326,'Harlingen/San Benito','TX','Texas',126625),(327,'Huntsville','AL','Alabama',233799),(328,'New Haven','CT','Connecticut',139118),(329,'Hyannis','MA','Massachusetts',144194),(330,'Wichita','KS','Kansas',53615),(331,'Wilmington','DE','Delaware',185495),(332,'Indianapolis','IN','Indiana',116630),(333,'Winston-Salem','NC','North Carolina',176667),(334,'El Centro','CA','California',83443),(335,'Hilo','HI','Hawaii',237214),(336,'Jackson/Vicksburg','MS','Mississippi',85739),(337,'Jacksonville','FL','Florida',67055),(338,'New York','NY','New York',228060),(339,'Concord','NC','North Carolina',89133),(340,'Kenmore','WA','Washington',111487),(341,'Grayling','AK','Alaska',240037),(342,'Akiachak','AK','Alaska',215722),(343,'Kotlik','AK','Alaska',108498),(344,'St. Mary\'s','AK','Alaska',245325),(345,'Kasigluk','AK','Alaska',51129),(346,'Lakeland','FL','Florida',69673),(347,'Lansing','MI','Michigan',144979),(348,'Las Vegas','NV','Nevada',65874),(349,'Los Angeles','CA','California',244434),(350,'Lexington','KY','Kentucky',174547),(351,'Long Beach','CA','California',89431),(352,'Lihue','HI','Hawaii',73514),(353,'Lincoln','NE','Nebraska',249282),(354,'Lanai','HI','Hawaii',175865),(355,'Lopez Island','WA','Washington',81477),(356,'Lynchburg','VA','Virginia',229792),(357,'Manistee/Ludington','MI','Michigan',54526),(358,'Orlando','FL','Florida',133259),(359,'Harrisburg','PA','Pennsylvania',52713),(360,'Chicago','IL','Illinois',213792),(361,'Mission/McAllen/Edinburg','TX','Texas',60819),(362,'Miami','FL','Florida',212721),(363,'Milwaukee','WI','Wisconsin',231146),(364,'Melbourne','FL','Florida',67566),(365,'Marshall','AK','Alaska',194395),(366,'Mobile','AL','Alabama',119274),(367,'Smyrna','TN','Tennessee',163188),(368,'Madison','WI','Wisconsin',208118),(369,'Missoula','MT','Montana',101026),(370,'Marathon','FL','Florida',230775),(371,'Martha\'s Vineyard','MA','Massachusetts',200796),(372,'Nikolai','AK','Alaska',61654),(373,'Nightmute','AK','Alaska',55886),(374,'Nunapitchuk','AK','Alaska',244469),(375,'Oakland','CA','California',204681),(376,'Kahului','HI','Hawaii',240001),(377,'Oklahoma City','OK','Oklahoma',135959),(378,'Ontario','CA','California',109792),(379,'Toksook','AK','Alaska',91085),(380,'Norfolk','VA','Virginia',76051),(381,'Owensboro','KY','Kentucky',57001),(382,'Everett','WA','Washington',206850),(383,'Paducah','KY','Kentucky',213248),(384,'West Palm Beach/Palm Beach','FL','Florida',195689),(385,'Portland','OR','Oregon',88700),(386,'Philadelphia','PA','Pennsylvania',206435),(387,'Pittsburgh','PA','Pennsylvania',116071),(388,'Napaskiak','AK','Alaska',111054),(389,'Palm Springs','CA','California',157055),(390,'Provincetown','MA','Massachusetts',202115),(391,'Providence','RI','Rhode Island',89406),(392,'Roche Harbor','WA','Washington',190689),(393,'Bend/Redmond','OR','Oregon',235225),(394,'Raleigh/Durham','NC','North Carolina',154057),(395,'Red Devil','AK','Alaska',214611),(396,'Richmond','VA','Virginia',160885),(397,'Roanoke','VA','Virginia',110590),(398,'Rochester','NY','New York',220298),(399,'Russian Mission','AK','Alaska',119718),(400,'Fort Myers','FL','Florida',87695),(401,'San Diego','CA','California',229323),(402,'San Antonio','TX','Texas',233528),(403,'Savannah','GA','Georgia',229669),(404,'Santa Barbara','CA','California',197762),(405,'San Bernardino','CA','California',249805),(406,'South Bend','IN','Indiana',205737),(407,'State College','PA','Pennsylvania',229270),(408,'Scammon Bay','AK','Alaska',79136),(409,'Louisville','KY','Kentucky',57872),(410,'Sandpoint','AK','Alaska',201953),(411,'Sanford','FL','Florida',186150),(412,'San Francisco','CA','California',74887),(413,'San Jose','CA','California',165989),(414,'San Juan','PR','Puerto Rico',155282),(415,'Sleetmute','AK','Alaska',228445),(416,'Santa Ana','CA','California',226376),(417,'Saipan','TT','U.S. Pacific Trust Territories and Possessions',196544),(418,'Sarasota/Bradenton','FL','Florida',53594),(419,'Stuart','FL','Florida',228340),(420,'Stillwater','OK','Oklahoma',130916),(421,'Sheldon Point','AK','Alaska',119562),(422,'Syracuse','NY','New York',155060),(423,'Takotna','AK','Alaska',166615),(424,'Teterboro','NJ','New Jersey',117894),(425,'Tacoma','WA','Washington',239629),(426,'Tok','AK','Alaska',194457),(427,'Tuluksak','AK','Alaska',203401),(428,'Tampa','FL','Florida',183634),(429,'Tulsa','OK','Oklahoma',57967),(430,'Tupelo','MS','Mississippi',88934),(431,'Traverse City','MI','Michigan',220770),(432,'Knoxville','TN','Tennessee',187045),(433,'Waukegan','IL','Illinois',222917),(434,'Chevak','AK','Alaska',103447),(435,'Napakiak','AK','Alaska',198486),(436,'Newtok','AK','Alaska',232087),(437,'Yakima','WA','Washington',114978),(438,'Dallas','TX','Texas',228630);
/*!40000 ALTER TABLE `city_new` ENABLE KEYS */;
UNLOCK TABLES;

--
-- Table structure for table `flight`
--

DROP TABLE IF EXISTS `flight`;
/*!40101 SET @saved_cs_client     = @@character_set_client */;
/*!50503 SET character_set_client = utf8mb4 */;
CREATE TABLE `flight` (
  `FLIGHT_ID` int NOT NULL AUTO_INCREMENT,
  `AIRLINE_ID` int DEFAULT NULL,
  `ORIGIN_AIRPORT_ID` int DEFAULT NULL,
  `DEST_AIRPORT_ID` int DEFAULT NULL,
  `DISTANCE` float DEFAULT NULL,
  `DISTANCE_GROUP` int DEFAULT NULL,
  `YEAR` int DEFAULT NULL,
  `QUARTER` int DEFAULT NULL,
  `MONTH` int DEFAULT NULL,
  `CLASS` char(1) DEFAULT NULL,
  PRIMARY KEY (`FLIGHT_ID`),
  KEY `AIRLINE_ID` (`AIRLINE_ID`),
  KEY `ORIGIN_AIRPORT_ID` (`ORIGIN_AIRPORT_ID`),
  KEY `DEST_AIRPORT_ID` (`DEST_AIRPORT_ID`),
  CONSTRAINT `flight_ibfk_1` FOREIGN KEY (`AIRLINE_ID`) REFERENCES `airline` (`AIRLINE_ID`),
  CONSTRAINT `flight_ibfk_2` FOREIGN KEY (`ORIGIN_AIRPORT_ID`) REFERENCES `airport` (`AIRPORT_ID`),
  CONSTRAINT `flight_ibfk_3` FOREIGN KEY (`DEST_AIRPORT_ID`) REFERENCES `airport` (`AIRPORT_ID`)
) ENGINE=InnoDB AUTO_INCREMENT=236 DEFAULT CHARSET=utf8mb4 COLLATE=utf8mb4_0900_ai_ci;
/*!40101 SET character_set_client = @saved_cs_client */;

--
-- Dumping data for table `flight`
--

LOCK TABLES `flight` WRITE;
/*!40000 ALTER TABLE `flight` DISABLE KEYS */;
INSERT INTO `flight` VALUES (2,20378,12191,12266,24,1,2025,1,1,'F'),(3,20378,11292,12094,141,1,2025,1,1,'F'),(4,20378,11292,12012,152,1,2025,1,1,'F'),(5,20378,13851,12278,156,1,2025,1,1,'F'),(6,20378,11140,10423,167,1,2025,1,1,'F'),(7,20007,10821,10821,0,1,2025,1,1,'L'),(8,20007,11375,11375,0,1,2025,1,1,'P'),(9,20007,11433,11433,0,1,2025,1,1,'L'),(10,20007,12892,12892,0,1,2025,1,1,'P'),(11,20007,13360,13360,0,1,2025,1,1,'P'),(12,20330,10299,10299,0,1,2025,1,1,'G'),(13,20201,11540,11540,0,1,2025,1,1,'P'),(14,21894,10140,10140,0,1,2025,1,1,'F'),(15,20445,12266,12266,0,1,2025,1,1,'F'),(16,20445,13029,13029,0,1,2025,1,1,'F'),(17,21820,10304,10304,0,1,2025,1,1,'F'),(18,21820,12807,12807,0,1,2025,1,1,'F'),(19,21635,11697,11697,0,1,2025,1,1,'L'),(20,21635,13182,13182,0,1,2025,1,1,'L'),(21,21635,13898,13898,0,1,2025,1,1,'L'),(22,20100,11193,11193,0,1,2025,1,1,'P'),(23,20377,10194,10194,0,1,2025,1,1,'L'),(24,20377,14747,14747,0,1,2025,1,1,'L'),(25,20207,10529,10529,0,1,2025,1,1,'L'),(26,20405,10615,11540,3,1,2025,1,1,'L'),(27,20272,11762,14477,8,1,2025,1,1,'L'),(28,21652,15167,15346,9,1,2025,1,1,'L'),(29,20272,12652,13002,9,1,2025,1,1,'L'),(30,20272,13002,12652,9,1,2025,1,1,'L'),(31,20452,12478,12953,11,1,2025,1,1,'F'),(32,21635,10693,12574,12,1,2025,1,1,'L'),(33,21635,10693,13461,12,1,2025,1,1,'L'),(34,21635,13461,10693,12,1,2025,1,1,'L'),(35,21652,13898,11697,14,1,2025,1,1,'L'),(36,21820,13710,13894,14,1,2025,1,1,'F'),(37,21635,13898,11697,14,1,2025,1,1,'L'),(38,21652,12892,12954,17,1,2025,1,1,'L'),(39,19977,12892,10800,18,1,2025,1,1,'F'),(40,22085,11697,13303,21,1,2025,1,1,'L'),(41,22085,13303,11697,21,1,2025,1,1,'L'),(42,21820,10551,13770,22,1,2025,1,1,'L'),(43,21820,13770,10551,22,1,2025,1,1,'L'),(44,21652,12197,15167,24,1,2025,1,1,'L'),(45,21652,13232,14320,24,1,2025,1,1,'L'),(46,21652,14320,13232,24,1,2025,1,1,'L'),(47,21652,15167,12197,24,1,2025,1,1,'L'),(48,22085,14761,13204,24,1,2025,1,1,'L'),(49,21820,10551,12831,24,1,2025,1,1,'L'),(50,21635,12197,15167,24,1,2025,1,1,'L'),(51,21635,12574,13461,24,1,2025,1,1,'L'),(52,20452,12264,11278,24,1,2025,1,1,'F'),(53,21820,13710,15887,25,1,2025,1,1,'F'),(54,20272,10559,14004,26,1,2025,1,1,'F'),(55,20272,10559,14004,26,1,2025,1,1,'L'),(56,20272,14004,10559,26,1,2025,1,1,'F'),(57,20272,14004,10559,26,1,2025,1,1,'L'),(58,21635,11764,12197,28,1,2025,1,1,'L'),(59,21652,14831,13796,29,1,2025,1,1,'L'),(60,21820,15798,10241,29,1,2025,1,1,'F'),(61,19977,14831,14771,30,1,2025,1,1,'F'),(62,20452,10821,11278,30,1,2025,1,1,'F'),(63,20207,12882,15304,31,1,2025,1,1,'L'),(64,20207,15304,12882,31,1,2025,1,1,'L'),(65,21820,11492,15798,33,1,2025,1,1,'F'),(66,21652,13034,13830,35,1,2025,1,1,'L'),(67,20445,12206,13256,36,1,2025,1,1,'F'),(68,19977,12892,14908,36,1,2025,1,1,'F'),(69,19977,14908,12892,36,1,2025,1,1,'F'),(70,20272,12652,15220,37,1,2025,1,1,'L'),(71,20272,15220,12652,37,1,2025,1,1,'L'),(72,21820,14130,15257,39,1,2025,1,1,'F'),(73,19977,15304,14986,40,1,2025,1,1,'F'),(74,21635,11697,14027,42,1,2025,1,1,'L'),(75,21635,14027,11697,42,1,2025,1,1,'L'),(76,21652,13232,15447,44,1,2025,1,1,'L'),(77,21652,15447,13232,44,1,2025,1,1,'L'),(78,21820,12807,13369,44,1,2025,1,1,'F'),(79,20253,10721,14306,45,1,2025,1,1,'F'),(80,20253,14306,10721,45,1,2025,1,1,'F'),(81,20207,12197,12244,45,1,2025,1,1,'L'),(82,20207,12244,12197,45,1,2025,1,1,'L'),(83,19977,13891,12892,47,1,2025,1,1,'F'),(84,20207,10529,12244,48,1,2025,1,1,'L'),(85,20207,12244,10529,48,1,2025,1,1,'L'),(86,21820,14627,15257,49,1,2025,1,1,'F'),(87,20452,10721,14307,49,1,2025,1,1,'F'),(88,20272,14004,13055,50,1,2025,1,1,'L'),(89,21820,14718,15085,52,1,2025,1,1,'F'),(90,21673,15160,13676,53,1,2025,1,1,'F'),(91,20272,11762,14004,55,1,2025,1,1,'L'),(92,20272,14004,11762,55,1,2025,1,1,'L'),(93,20452,14576,10792,55,1,2025,1,1,'F'),(94,21652,10519,15030,56,1,2025,1,1,'L'),(95,20267,10661,10011,59,1,2025,1,1,'F'),(96,22085,13851,15074,60,1,2025,1,1,'L'),(97,21820,14627,12709,60,1,2025,1,1,'F'),(98,22085,14307,10529,67,1,2025,1,1,'L'),(99,19977,10135,11618,67,1,2025,1,1,'F'),(100,21652,15167,12244,68,1,2025,1,1,'L'),(101,21820,12709,13369,68,1,2025,1,1,'F'),(102,21820,12769,12807,68,1,2025,1,1,'L'),(103,21820,14880,10996,68,1,2025,1,1,'F'),(104,20195,12892,14691,68,1,2025,1,1,'P'),(105,20452,12945,11193,70,1,2025,1,1,'F'),(106,20046,11066,11267,71,1,2025,1,1,'L'),(107,20046,11267,11066,71,1,2025,1,1,'L'),(108,21820,14493,10304,74,1,2025,1,1,'F'),(109,19977,10732,14843,74,1,2025,1,1,'F'),(110,20046,13342,13485,74,1,2025,1,1,'L'),(111,20046,13485,13342,74,1,2025,1,1,'L'),(112,21635,11057,12348,75,1,2025,1,1,'L'),(113,21635,12348,11057,75,1,2025,1,1,'L'),(114,19977,11996,11057,75,1,2025,1,1,'F'),(115,20452,14524,13931,75,1,2025,1,1,'F'),(116,21820,11952,11492,78,1,2025,1,1,'F'),(117,21820,11227,12831,79,1,2025,1,1,'F'),(118,21820,14880,10304,79,1,2025,1,1,'F'),(119,22085,10529,12197,80,1,2025,1,1,'L'),(120,19977,14100,11618,80,1,2025,1,1,'F'),(121,20207,10257,10529,80,1,2025,1,1,'L'),(122,20207,12197,10529,80,1,2025,1,1,'L'),(123,20046,13232,13342,80,1,2025,1,1,'L'),(124,20046,13342,13232,80,1,2025,1,1,'L'),(125,22105,15554,12807,84,1,2025,1,1,'L'),(126,21820,10304,13369,84,1,2025,1,1,'F'),(127,19977,14262,14679,85,1,2025,1,1,'F'),(128,21652,10800,14689,86,1,2025,1,1,'L'),(129,21477,14738,10917,87,1,2025,1,1,'F'),(130,20452,10990,11278,91,1,2025,1,1,'F'),(131,21820,12676,10304,92,1,2025,1,1,'F'),(132,20452,14100,12478,94,1,2025,1,1,'F'),(133,19977,11648,13486,97,1,2025,1,1,'F'),(134,20046,15370,11834,97,1,2025,1,1,'L'),(135,21635,11123,10967,98,1,2025,1,1,'L'),(136,21635,13983,14006,100,1,2025,1,1,'L'),(137,19977,13830,12173,100,1,2025,1,1,'F'),(138,19977,14524,12264,100,1,2025,1,1,'F'),(139,20207,11252,12882,101,1,2025,1,1,'L'),(140,20207,12882,11252,101,1,2025,1,1,'L'),(141,21652,12173,12982,102,1,2025,1,1,'L'),(142,21820,15798,10304,102,1,2025,1,1,'F'),(143,20207,13139,14492,102,1,2025,1,1,'L'),(144,20207,14492,13139,102,1,2025,1,1,'L'),(145,21820,15257,12807,103,1,2025,1,1,'F'),(146,21635,10434,14100,104,1,2025,1,1,'F'),(147,19977,14635,11697,105,1,2025,1,1,'F'),(148,21635,13501,11697,108,1,2025,1,1,'L'),(149,19977,15304,14635,110,1,2025,1,1,'F'),(150,20452,14730,12339,111,1,2025,1,1,'F'),(151,20452,15370,13851,111,1,2025,1,1,'F'),(152,20207,12544,14492,113,1,2025,1,1,'L'),(153,20342,15236,11463,114,1,2025,1,1,'L'),(154,19977,10529,11618,116,1,2025,1,1,'F'),(155,19977,14057,14489,116,1,2025,1,1,'F'),(156,20207,12882,11953,118,1,2025,1,1,'L'),(157,19977,11292,11503,120,1,2025,1,1,'F'),(158,20452,10257,15096,120,1,2025,1,1,'F'),(159,21652,12402,13830,121,1,2025,1,1,'L'),(160,20207,11252,15304,122,1,2025,1,1,'L'),(161,20272,16101,14004,123,1,2025,1,1,'L'),(162,21635,14122,10557,123,1,2025,1,1,'L'),(163,21652,10372,11292,125,1,2025,1,1,'L'),(164,20445,14685,10868,125,1,2025,1,1,'F'),(165,21635,13983,13461,125,1,2025,1,1,'L'),(166,20452,11977,15380,127,1,2025,1,1,'F'),(167,21820,12831,12195,129,1,2025,1,1,'F'),(168,19977,14955,12016,129,1,2025,1,1,'F'),(169,20046,11267,12945,130,1,2025,1,1,'L'),(170,20046,12945,11267,130,1,2025,1,1,'L'),(171,20452,15096,10792,133,1,2025,1,1,'F'),(172,20046,10792,15096,133,1,2025,1,1,'L'),(173,19977,14100,12264,135,1,2025,1,1,'F'),(174,20452,12953,10257,136,1,2025,1,1,'F'),(175,21635,10967,13983,137,1,2025,1,1,'L'),(176,21635,13983,10967,137,1,2025,1,1,'L'),(177,20445,10257,10434,139,1,2025,1,1,'F'),(178,20445,10434,10257,139,1,2025,1,1,'F'),(179,21652,10423,12266,140,1,2025,1,1,'L'),(180,21652,12266,10423,140,1,2025,1,1,'L'),(181,19977,10423,12266,140,1,2025,1,1,'F'),(182,19977,13230,11618,141,1,2025,1,1,'F'),(183,20207,14027,13204,141,1,2025,1,1,'L'),(184,20046,11267,14730,144,1,2025,1,1,'L'),(185,20046,14730,11267,144,1,2025,1,1,'L'),(186,21635,13461,14006,145,1,2025,1,1,'L'),(187,21635,14006,13461,145,1,2025,1,1,'L'),(188,20445,13422,12448,155,1,2025,1,1,'F'),(189,21635,11057,14574,155,1,2025,1,1,'L'),(190,20445,14576,14711,157,1,2025,1,1,'F'),(191,22085,12197,10540,158,1,2025,1,1,'L'),(192,22085,10849,13486,161,1,2025,1,1,'L'),(193,22085,13232,12339,162,1,2025,1,1,'L'),(194,20253,12197,13541,163,1,2025,1,1,'F'),(195,20253,13541,12197,163,1,2025,1,1,'F'),(196,19977,11049,11298,164,1,2025,1,1,'F'),(197,20046,11267,16091,165,1,2025,1,1,'L'),(198,20046,16091,11267,165,1,2025,1,1,'L'),(199,20272,12136,14004,166,1,2025,1,1,'L'),(200,20272,14004,12136,166,1,2025,1,1,'L'),(201,20046,11267,14696,166,1,2025,1,1,'L'),(202,20046,12884,13342,169,1,2025,1,1,'L'),(203,21635,10508,14524,171,1,2025,1,1,'L'),(204,19977,12889,14262,173,1,2025,1,1,'F'),(205,19977,14262,12889,173,1,2025,1,1,'F'),(206,19977,15304,14027,174,1,2025,1,1,'F'),(207,20207,12882,12451,174,1,2025,1,1,'L'),(208,21635,13461,15374,175,1,2025,1,1,'L'),(209,21635,15374,13461,175,1,2025,1,1,'L'),(210,19977,13851,11298,175,1,2025,1,1,'F'),(211,20207,11697,12882,175,1,2025,1,1,'L'),(212,20207,12882,11697,175,1,2025,1,1,'L'),(213,20445,12217,15412,177,1,2025,1,1,'F'),(214,20445,15412,12217,177,1,2025,1,1,'F'),(215,21635,10654,11057,178,1,2025,1,1,'L'),(216,20201,11049,16755,179,1,2025,1,1,'L'),(217,21635,13930,13182,179,1,2025,1,1,'L'),(218,20207,12244,12320,180,1,2025,1,1,'L'),(219,20207,12320,12244,180,1,2025,1,1,'L'),(220,21652,10540,15167,182,1,2025,1,1,'L'),(221,22085,14122,12264,182,1,2025,1,1,'L'),(222,20253,12197,12250,183,1,2025,1,1,'F'),(223,20377,12478,10821,184,1,2025,1,1,'L'),(224,21618,12363,10800,186,1,2025,1,1,'F'),(225,21635,10744,13930,186,1,2025,1,1,'L'),(226,20452,14122,10792,186,1,2025,1,1,'F'),(227,20201,11049,11430,187,1,2025,1,1,'L'),(228,20201,11430,11049,187,1,2025,1,1,'L'),(229,21635,10967,13461,189,1,2025,1,1,'L'),(230,21635,13461,10967,189,1,2025,1,1,'L'),(231,20253,10154,12197,191,1,2025,1,1,'F'),(232,20253,12197,10154,191,1,2025,1,1,'F'),(233,19977,14683,12266,191,1,2025,1,1,'F'),(234,22085,13204,13303,192,1,2025,1,1,'L'),(235,22085,13303,13204,192,1,2025,1,1,'L');
/*!40000 ALTER TABLE `flight` ENABLE KEYS */;
UNLOCK TABLES;

--
-- Table structure for table `flightmetrics`
--

DROP TABLE IF EXISTS `flightmetrics`;
/*!40101 SET @saved_cs_client     = @@character_set_client */;
/*!50503 SET character_set_client = utf8mb4 */;
CREATE TABLE `flightmetrics` (
  `FLIGHT_ID` int DEFAULT NULL,
  `PASSENGERS` int DEFAULT NULL,
  `FREIGHT` decimal(15,2) DEFAULT NULL,
  `MAIL` decimal(15,2) DEFAULT NULL,
  KEY `FLIGHT_ID` (`FLIGHT_ID`),
  CONSTRAINT `flightmetrics_ibfk_1` FOREIGN KEY (`FLIGHT_ID`) REFERENCES `flight` (`FLIGHT_ID`)
) ENGINE=InnoDB DEFAULT CHARSET=utf8mb4 COLLATE=utf8mb4_0900_ai_ci;
/*!40101 SET character_set_client = @saved_cs_client */;

--
-- Dumping data for table `flightmetrics`
--

LOCK TABLES `flightmetrics` WRITE;
/*!40000 ALTER TABLE `flightmetrics` DISABLE KEYS */;
INSERT INTO `flightmetrics` VALUES (2,120,NULL,NULL),(3,120,NULL,NULL),(4,120,NULL,NULL),(5,120,NULL,NULL),(6,120,NULL,NULL),(7,120,0.00,NULL),(8,120,0.00,NULL),(9,120,0.00,NULL),(10,120,0.00,NULL),(11,120,0.00,NULL),(12,120,0.00,NULL),(13,120,0.00,NULL),(14,120,0.00,NULL),(15,120,0.00,NULL),(16,120,0.00,NULL),(17,120,0.00,NULL),(18,120,0.00,NULL),(19,120,0.00,NULL),(20,120,0.00,NULL),(21,120,0.00,NULL),(22,120,0.00,NULL),(23,120,0.00,NULL),(24,120,0.00,NULL),(25,120,0.00,NULL),(26,120,0.00,NULL),(27,120,0.00,NULL),(28,120,0.00,NULL),(29,120,0.00,NULL),(30,120,0.00,NULL),(31,120,0.00,NULL),(32,120,0.00,NULL),(33,120,0.00,NULL),(34,120,0.00,NULL),(35,120,0.00,NULL),(36,120,0.00,NULL),(37,120,0.00,NULL),(38,120,0.00,NULL),(39,120,0.00,NULL),(40,120,0.00,NULL),(41,120,0.00,NULL),(42,120,0.00,NULL),(43,120,0.00,NULL),(44,120,0.00,NULL),(45,120,0.00,NULL),(46,120,0.00,NULL),(47,120,0.00,NULL),(48,120,0.00,NULL),(49,120,0.00,NULL),(50,120,0.00,NULL),(51,120,0.00,NULL),(52,120,0.00,NULL),(53,120,0.00,NULL),(54,120,0.00,NULL),(55,120,0.00,NULL),(54,120,0.00,NULL),(55,120,0.00,NULL),(56,120,0.00,NULL),(57,120,0.00,NULL),(56,120,0.00,NULL),(57,120,0.00,NULL),(58,120,0.00,NULL),(59,120,0.00,NULL),(60,120,0.00,NULL),(61,120,0.00,NULL),(62,120,0.00,NULL),(63,120,0.00,NULL),(64,120,0.00,NULL),(65,120,0.00,NULL),(66,120,0.00,NULL),(67,120,0.00,NULL),(68,120,0.00,NULL),(69,120,0.00,NULL),(70,120,0.00,NULL),(71,120,0.00,NULL),(72,120,0.00,NULL),(73,120,0.00,NULL),(74,120,0.00,NULL),(75,120,0.00,NULL),(76,120,0.00,NULL),(77,120,0.00,NULL),(78,120,0.00,NULL),(79,120,0.00,NULL),(80,120,0.00,NULL),(81,120,0.00,NULL),(82,120,0.00,NULL),(83,120,0.00,NULL),(84,120,0.00,NULL),(85,120,0.00,NULL),(86,120,0.00,NULL),(87,120,0.00,NULL),(88,120,0.00,NULL),(89,120,0.00,NULL),(90,120,0.00,NULL),(91,120,0.00,NULL),(92,120,0.00,NULL),(93,120,0.00,NULL),(94,120,0.00,NULL),(95,120,0.00,NULL),(96,120,0.00,NULL),(97,120,0.00,NULL),(98,120,0.00,NULL),(99,120,0.00,NULL),(100,120,0.00,NULL),(101,120,0.00,NULL),(102,120,0.00,NULL),(103,120,0.00,NULL),(104,120,0.00,NULL),(105,120,0.00,NULL),(106,120,0.00,NULL),(107,120,0.00,NULL),(108,120,0.00,NULL),(109,120,0.00,NULL),(110,120,0.00,NULL),(111,120,0.00,NULL),(112,120,0.00,NULL),(113,120,0.00,NULL),(114,120,0.00,NULL),(115,120,0.00,NULL),(116,120,0.00,NULL),(117,120,0.00,NULL),(118,120,0.00,NULL),(119,120,0.00,NULL),(120,120,0.00,NULL),(121,120,0.00,NULL),(122,120,0.00,NULL),(123,120,0.00,NULL),(124,120,0.00,NULL),(125,120,0.00,NULL),(126,120,0.00,NULL),(127,120,0.00,NULL),(128,120,0.00,NULL),(129,120,0.00,NULL),(130,120,0.00,NULL),(131,120,0.00,NULL),(132,120,0.00,NULL),(133,120,0.00,NULL),(134,120,0.00,NULL),(135,120,0.00,NULL),(136,120,0.00,NULL),(137,120,0.00,NULL),(138,120,0.00,NULL),(139,120,0.00,NULL),(140,120,0.00,NULL),(141,120,0.00,NULL),(142,120,0.00,NULL),(143,120,0.00,NULL),(144,120,0.00,NULL),(145,120,0.00,NULL),(146,120,0.00,NULL),(147,120,0.00,NULL),(148,120,0.00,NULL),(149,120,0.00,NULL),(150,120,0.00,NULL),(151,120,0.00,NULL),(152,120,0.00,NULL),(153,120,0.00,NULL),(154,120,0.00,NULL),(155,120,0.00,NULL),(156,120,0.00,NULL),(157,120,0.00,NULL),(158,120,0.00,NULL),(159,120,0.00,NULL),(160,120,0.00,NULL),(161,120,0.00,NULL),(162,120,0.00,NULL),(163,120,0.00,NULL),(164,120,0.00,NULL),(165,120,0.00,NULL),(166,120,0.00,NULL),(167,120,0.00,NULL),(168,120,0.00,NULL),(169,120,0.00,NULL),(170,120,0.00,NULL),(171,120,0.00,NULL),(172,120,0.00,NULL),(173,120,0.00,NULL),(174,120,0.00,NULL),(175,120,0.00,NULL),(176,120,0.00,NULL),(177,120,0.00,NULL),(178,120,0.00,NULL),(179,120,0.00,NULL),(180,120,0.00,NULL),(181,120,0.00,NULL),(182,120,0.00,NULL),(183,120,0.00,NULL),(184,120,0.00,NULL),(185,120,0.00,NULL),(186,120,0.00,NULL),(187,120,0.00,NULL),(188,120,0.00,NULL),(189,120,0.00,NULL),(190,120,0.00,NULL),(191,120,0.00,NULL),(192,120,0.00,NULL),(193,120,0.00,NULL),(194,120,0.00,NULL),(195,120,0.00,NULL),(196,120,0.00,NULL),(197,120,0.00,NULL),(198,120,0.00,NULL),(199,120,0.00,NULL),(200,120,0.00,NULL),(201,120,0.00,NULL),(202,120,0.00,NULL),(203,120,0.00,NULL),(204,120,0.00,NULL),(205,120,0.00,NULL),(206,120,0.00,NULL),(207,120,0.00,NULL),(208,120,0.00,NULL),(209,120,0.00,NULL),(210,120,0.00,NULL),(211,120,0.00,NULL),(212,120,0.00,NULL),(213,120,0.00,NULL),(214,120,0.00,NULL),(215,120,0.00,NULL),(216,120,0.00,NULL),(217,120,0.00,NULL),(218,120,0.00,NULL),(219,120,0.00,NULL),(220,120,0.00,NULL),(221,120,0.00,NULL),(222,120,0.00,NULL),(223,120,0.00,NULL),(224,120,0.00,NULL),(225,120,0.00,NULL),(226,120,0.00,NULL),(227,120,0.00,NULL),(228,120,0.00,NULL),(229,120,0.00,NULL),(230,120,0.00,NULL),(231,120,0.00,NULL),(232,120,0.00,NULL),(233,120,0.00,NULL),(234,120,0.00,NULL),(235,120,0.00,NULL),(2,0,NULL,0.00),(3,0,NULL,0.00),(4,0,NULL,0.00),(5,0,NULL,0.00),(6,0,NULL,0.00),(7,0,0.00,0.00),(8,0,0.00,0.00),(9,0,0.00,0.00),(10,0,0.00,0.00),(11,0,0.00,0.00),(12,0,0.00,0.00),(13,0,0.00,0.00),(14,0,0.00,0.00),(15,0,0.00,0.00),(16,0,0.00,0.00),(17,0,0.00,0.00),(18,0,0.00,0.00),(19,0,0.00,0.00),(20,0,0.00,0.00),(21,0,0.00,0.00),(22,0,0.00,0.00),(23,0,0.00,0.00),(24,0,0.00,0.00),(25,0,0.00,0.00),(26,0,0.00,0.00),(27,0,0.00,0.00),(28,0,0.00,0.00),(29,0,0.00,0.00),(30,0,0.00,0.00),(31,0,0.00,0.00),(32,0,0.00,0.00),(33,0,0.00,0.00),(34,0,0.00,0.00),(35,0,0.00,0.00),(36,0,0.00,0.00),(37,0,0.00,0.00),(38,0,0.00,0.00),(39,0,0.00,0.00),(40,0,0.00,0.00),(41,0,0.00,0.00),(42,0,0.00,0.00),(43,0,0.00,0.00),(44,0,0.00,0.00),(45,0,0.00,0.00),(46,0,0.00,0.00),(47,0,0.00,0.00),(48,0,0.00,0.00),(49,0,0.00,0.00),(50,0,0.00,0.00),(51,0,0.00,0.00),(52,0,0.00,0.00),(53,0,0.00,0.00),(54,0,0.00,0.00),(55,0,0.00,0.00),(54,0,0.00,0.00),(55,0,0.00,0.00),(56,0,0.00,0.00),(57,0,0.00,0.00),(56,0,0.00,0.00),(57,0,0.00,0.00),(58,0,0.00,0.00),(59,0,0.00,0.00),(60,0,0.00,0.00),(61,0,0.00,0.00),(62,0,0.00,0.00),(63,0,0.00,0.00),(64,0,0.00,0.00),(65,0,0.00,0.00),(66,0,0.00,0.00),(67,0,0.00,0.00),(68,0,0.00,0.00),(69,0,0.00,0.00),(70,0,0.00,0.00),(71,0,0.00,0.00),(72,0,0.00,0.00),(73,0,0.00,0.00),(74,0,0.00,0.00),(75,0,0.00,0.00),(76,0,0.00,0.00),(77,0,0.00,0.00),(78,0,0.00,0.00),(79,0,0.00,0.00),(80,0,0.00,0.00),(81,0,0.00,0.00),(82,0,0.00,0.00),(83,0,0.00,0.00),(84,0,0.00,0.00),(85,0,0.00,0.00),(86,0,0.00,0.00),(87,0,0.00,0.00),(88,0,0.00,0.00),(89,0,0.00,0.00),(90,0,0.00,0.00),(91,0,0.00,0.00),(92,0,0.00,0.00),(93,0,0.00,0.00),(94,0,0.00,0.00),(95,0,0.00,0.00),(96,0,0.00,0.00),(97,0,0.00,0.00),(98,0,0.00,0.00),(99,0,0.00,0.00),(100,0,0.00,0.00),(101,0,0.00,0.00),(102,0,0.00,0.00),(103,0,0.00,0.00),(104,0,0.00,0.00),(105,0,0.00,0.00),(106,0,0.00,0.00),(107,0,0.00,0.00),(108,0,0.00,0.00),(109,0,0.00,0.00),(110,0,0.00,0.00),(111,0,0.00,0.00),(112,0,0.00,0.00),(113,0,0.00,0.00),(114,0,0.00,0.00),(115,0,0.00,0.00),(116,0,0.00,0.00),(117,0,0.00,0.00),(118,0,0.00,0.00),(119,0,0.00,0.00),(120,0,0.00,0.00),(121,0,0.00,0.00),(122,0,0.00,0.00),(123,0,0.00,0.00),(124,0,0.00,0.00),(125,0,0.00,0.00),(126,0,0.00,0.00),(127,0,0.00,0.00),(128,0,0.00,0.00),(129,0,0.00,0.00),(130,0,0.00,0.00),(131,0,0.00,0.00),(132,0,0.00,0.00),(133,0,0.00,0.00),(134,0,0.00,0.00),(135,0,0.00,0.00),(136,0,0.00,0.00),(137,0,0.00,0.00),(138,0,0.00,0.00),(139,0,0.00,0.00),(140,0,0.00,0.00),(141,0,0.00,0.00),(142,0,0.00,0.00),(143,0,0.00,0.00),(144,0,0.00,0.00),(145,0,0.00,0.00),(146,0,0.00,0.00),(147,0,0.00,0.00),(148,0,0.00,0.00),(149,0,0.00,0.00),(150,0,0.00,0.00),(151,0,0.00,0.00),(152,0,0.00,0.00),(153,0,0.00,0.00),(154,0,0.00,0.00),(155,0,0.00,0.00),(156,0,0.00,0.00),(157,0,0.00,0.00),(158,0,0.00,0.00),(159,0,0.00,0.00),(160,0,0.00,0.00),(161,0,0.00,0.00),(162,0,0.00,0.00),(163,0,0.00,0.00),(164,0,0.00,0.00),(165,0,0.00,0.00),(166,0,0.00,0.00),(167,0,0.00,0.00),(168,0,0.00,0.00),(169,0,0.00,0.00),(170,0,0.00,0.00),(171,0,0.00,0.00),(172,0,0.00,0.00),(173,0,0.00,0.00),(174,0,0.00,0.00),(175,0,0.00,0.00),(176,0,0.00,0.00),(177,0,0.00,0.00),(178,0,0.00,0.00),(179,0,0.00,0.00),(180,0,0.00,0.00),(181,0,0.00,0.00),(182,0,0.00,0.00),(183,0,0.00,0.00),(184,0,0.00,0.00),(185,0,0.00,0.00),(186,0,0.00,0.00),(187,0,0.00,0.00),(188,0,0.00,0.00),(189,0,0.00,0.00),(190,0,0.00,0.00),(191,0,0.00,0.00),(192,0,0.00,0.00),(193,0,0.00,0.00),(194,0,0.00,0.00),(195,0,0.00,0.00),(196,0,0.00,0.00),(197,0,0.00,0.00),(198,0,0.00,0.00),(199,0,0.00,0.00),(200,0,0.00,0.00),(201,0,0.00,0.00),(202,0,0.00,0.00),(203,0,0.00,0.00),(204,0,0.00,0.00),(205,0,0.00,0.00),(206,0,0.00,0.00),(207,0,0.00,0.00),(208,0,0.00,0.00),(209,0,0.00,0.00),(210,0,0.00,0.00),(211,0,0.00,0.00),(212,0,0.00,0.00),(213,0,0.00,0.00),(214,0,0.00,0.00),(215,0,0.00,0.00),(216,0,0.00,0.00),(217,0,0.00,0.00),(218,0,0.00,0.00),(219,0,0.00,0.00),(220,0,0.00,0.00),(221,0,0.00,0.00),(222,0,0.00,0.00),(223,0,0.00,0.00),(224,0,0.00,0.00),(225,0,0.00,0.00),(226,0,0.00,0.00),(227,0,0.00,0.00),(228,0,0.00,0.00),(229,0,0.00,0.00),(230,0,0.00,0.00),(231,0,0.00,0.00),(232,0,0.00,0.00),(233,0,0.00,0.00),(234,0,0.00,0.00),(235,0,0.00,0.00),(2,0,NULL,0.00),(3,0,NULL,0.00),(4,0,NULL,0.00),(5,0,NULL,0.00),(6,0,NULL,0.00),(7,0,0.00,0.00),(8,0,0.00,0.00),(9,0,0.00,0.00),(10,0,0.00,0.00),(11,0,0.00,0.00),(12,0,0.00,0.00),(13,0,0.00,0.00),(14,0,0.00,0.00),(15,0,0.00,0.00),(16,0,0.00,0.00),(17,0,0.00,0.00),(18,0,0.00,0.00),(19,0,0.00,0.00),(20,0,0.00,0.00),(21,0,0.00,0.00),(22,0,0.00,0.00),(23,0,0.00,0.00),(24,0,0.00,0.00),(25,0,0.00,0.00),(26,0,0.00,0.00),(27,0,0.00,0.00),(28,0,0.00,0.00),(29,0,0.00,0.00),(30,0,0.00,0.00),(31,0,0.00,0.00),(32,0,0.00,0.00),(33,0,0.00,0.00),(34,0,0.00,0.00),(35,0,0.00,0.00),(36,0,0.00,0.00),(37,0,0.00,0.00),(38,0,0.00,0.00),(39,0,0.00,0.00),(40,0,0.00,0.00),(41,0,0.00,0.00),(42,0,0.00,0.00),(43,0,0.00,0.00),(44,0,0.00,0.00),(45,0,0.00,0.00),(46,0,0.00,0.00),(47,0,0.00,0.00),(48,0,0.00,0.00),(49,0,0.00,0.00),(50,0,0.00,0.00),(51,0,0.00,0.00),(52,0,0.00,0.00),(53,0,0.00,0.00),(54,0,0.00,0.00),(55,0,0.00,0.00),(54,0,0.00,0.00),(55,0,0.00,0.00),(56,0,0.00,0.00),(57,0,0.00,0.00),(56,0,0.00,0.00),(57,0,0.00,0.00),(58,0,0.00,0.00),(59,0,0.00,0.00),(60,0,0.00,0.00),(61,0,0.00,0.00),(62,0,0.00,0.00),(63,0,0.00,0.00),(64,0,0.00,0.00),(65,0,0.00,0.00),(66,0,0.00,0.00),(67,0,0.00,0.00),(68,0,0.00,0.00),(69,0,0.00,0.00),(70,0,0.00,0.00),(71,0,0.00,0.00),(72,0,0.00,0.00),(73,0,0.00,0.00),(74,0,0.00,0.00),(75,0,0.00,0.00),(76,0,0.00,0.00),(77,0,0.00,0.00),(78,0,0.00,0.00),(79,0,0.00,0.00),(80,0,0.00,0.00),(81,0,0.00,0.00),(82,0,0.00,0.00),(83,0,0.00,0.00),(84,0,0.00,0.00),(85,0,0.00,0.00),(86,0,0.00,0.00),(87,0,0.00,0.00),(88,0,0.00,0.00),(89,0,0.00,0.00),(90,0,0.00,0.00),(91,0,0.00,0.00),(92,0,0.00,0.00),(93,0,0.00,0.00),(94,0,0.00,0.00),(95,0,0.00,0.00),(96,0,0.00,0.00),(97,0,0.00,0.00),(98,0,0.00,0.00),(99,0,0.00,0.00),(100,0,0.00,0.00),(101,0,0.00,0.00),(102,0,0.00,0.00),(103,0,0.00,0.00),(104,0,0.00,0.00),(105,0,0.00,0.00),(106,0,0.00,0.00),(107,0,0.00,0.00),(108,0,0.00,0.00),(109,0,0.00,0.00),(110,0,0.00,0.00),(111,0,0.00,0.00),(112,0,0.00,0.00),(113,0,0.00,0.00),(114,0,0.00,0.00),(115,0,0.00,0.00),(116,0,0.00,0.00),(117,0,0.00,0.00),(118,0,0.00,0.00),(119,0,0.00,0.00),(120,0,0.00,0.00),(121,0,0.00,0.00),(122,0,0.00,0.00),(123,0,0.00,0.00),(124,0,0.00,0.00),(125,0,0.00,0.00),(126,0,0.00,0.00),(127,0,0.00,0.00),(128,0,0.00,0.00),(129,0,0.00,0.00),(130,0,0.00,0.00),(131,0,0.00,0.00),(132,0,0.00,0.00),(133,0,0.00,0.00),(134,0,0.00,0.00),(135,0,0.00,0.00),(136,0,0.00,0.00),(137,0,0.00,0.00),(138,0,0.00,0.00),(139,0,0.00,0.00),(140,0,0.00,0.00),(141,0,0.00,0.00),(142,0,0.00,0.00),(143,0,0.00,0.00),(144,0,0.00,0.00),(145,0,0.00,0.00),(146,0,0.00,0.00),(147,0,0.00,0.00),(148,0,0.00,0.00),(149,0,0.00,0.00),(150,0,0.00,0.00),(151,0,0.00,0.00),(152,0,0.00,0.00),(153,0,0.00,0.00),(154,0,0.00,0.00),(155,0,0.00,0.00),(156,0,0.00,0.00),(157,0,0.00,0.00),(158,0,0.00,0.00),(159,0,0.00,0.00),(160,0,0.00,0.00),(161,0,0.00,0.00),(162,0,0.00,0.00),(163,0,0.00,0.00),(164,0,0.00,0.00),(165,0,0.00,0.00),(166,0,0.00,0.00),(167,0,0.00,0.00),(168,0,0.00,0.00),(169,0,0.00,0.00),(170,0,0.00,0.00),(171,0,0.00,0.00),(172,0,0.00,0.00),(173,0,0.00,0.00),(174,0,0.00,0.00),(175,0,0.00,0.00),(176,0,0.00,0.00),(177,0,0.00,0.00),(178,0,0.00,0.00),(179,0,0.00,0.00),(180,0,0.00,0.00),(181,0,0.00,0.00),(182,0,0.00,0.00),(183,0,0.00,0.00),(184,0,0.00,0.00),(185,0,0.00,0.00),(186,0,0.00,0.00),(187,0,0.00,0.00),(188,0,0.00,0.00),(189,0,0.00,0.00),(190,0,0.00,0.00),(191,0,0.00,0.00),(192,0,0.00,0.00),(193,0,0.00,0.00),(194,0,0.00,0.00),(195,0,0.00,0.00),(196,0,0.00,0.00),(197,0,0.00,0.00),(198,0,0.00,0.00),(199,0,0.00,0.00),(200,0,0.00,0.00),(201,0,0.00,0.00),(202,0,0.00,0.00),(203,0,0.00,0.00),(204,0,0.00,0.00),(205,0,0.00,0.00),(206,0,0.00,0.00),(207,0,0.00,0.00),(208,0,0.00,0.00),(209,0,0.00,0.00),(210,0,0.00,0.00),(211,0,0.00,0.00),(212,0,0.00,0.00),(213,0,0.00,0.00),(214,0,0.00,0.00),(215,0,0.00,0.00),(216,0,0.00,0.00),(217,0,0.00,0.00),(218,0,0.00,0.00),(219,0,0.00,0.00),(220,0,0.00,0.00),(221,0,0.00,0.00),(222,0,0.00,0.00),(223,0,0.00,0.00),(224,0,0.00,0.00),(225,0,0.00,0.00),(226,0,0.00,0.00),(227,0,0.00,0.00),(228,0,0.00,0.00),(229,0,0.00,0.00),(230,0,0.00,0.00),(231,0,0.00,0.00),(232,0,0.00,0.00),(233,0,0.00,0.00),(234,0,0.00,0.00),(235,0,0.00,0.00);
/*!40000 ALTER TABLE `flightmetrics` ENABLE KEYS */;
UNLOCK TABLES;

--
-- Temporary view structure for view `pass_pop_des`
--

DROP TABLE IF EXISTS `pass_pop_des`;
/*!50001 DROP VIEW IF EXISTS `pass_pop_des`*/;
SET @saved_cs_client     = @@character_set_client;
/*!50503 SET character_set_client = utf8mb4 */;
/*!50001 CREATE VIEW `pass_pop_des` AS SELECT 
 1 AS `CITY_NAME`,
 1 AS `POPULATION`,
 1 AS `TOTAL_PASSENGERS`,
 1 AS `Total_Flights`,
 1 AS `Pass_Pop_Ratio`*/;
SET character_set_client = @saved_cs_client;

--
-- Temporary view structure for view `pass_pop_origin`
--

DROP TABLE IF EXISTS `pass_pop_origin`;
/*!50001 DROP VIEW IF EXISTS `pass_pop_origin`*/;
SET @saved_cs_client     = @@character_set_client;
/*!50503 SET character_set_client = utf8mb4 */;
/*!50001 CREATE VIEW `pass_pop_origin` AS SELECT 
 1 AS `CITY_NAME`,
 1 AS `POPULATION`,
 1 AS `TOTAL_PASSENGERS`,
 1 AS `Pass_Pop_Ratio`*/;
SET character_set_client = @saved_cs_client;

--
-- Final view structure for view `pass_pop_des`
--

/*!50001 DROP VIEW IF EXISTS `pass_pop_des`*/;
/*!50001 SET @saved_cs_client          = @@character_set_client */;
/*!50001 SET @saved_cs_results         = @@character_set_results */;
/*!50001 SET @saved_col_connection     = @@collation_connection */;
/*!50001 SET character_set_client      = utf8mb4 */;
/*!50001 SET character_set_results     = utf8mb4 */;
/*!50001 SET collation_connection      = utf8mb4_0900_ai_ci */;
/*!50001 CREATE ALGORITHM=UNDEFINED */
/*!50013 DEFINER=`root`@`localhost` SQL SECURITY DEFINER */
/*!50001 VIEW `pass_pop_des` AS select `c`.`City_Name` AS `CITY_NAME`,`c`.`Population` AS `POPULATION`,sum(`fm`.`PASSENGERS`) AS `TOTAL_PASSENGERS`,count(`f`.`FLIGHT_ID`) AS `Total_Flights`,round((sum(`fm`.`PASSENGERS`) / `c`.`Population`),2) AS `Pass_Pop_Ratio` from (((`city` `c` join `airport` `a` on((`a`.`CITY_NAME` = `c`.`City_Name`))) join `flight` `f` on((`f`.`DEST_AIRPORT_ID` = `a`.`AIRPORT_ID`))) join `flightmetrics` `fm` on((`f`.`FLIGHT_ID` = `fm`.`FLIGHT_ID`))) group by `c`.`City_Name`,`c`.`Population` order by `Pass_Pop_Ratio` desc */;
/*!50001 SET character_set_client      = @saved_cs_client */;
/*!50001 SET character_set_results     = @saved_cs_results */;
/*!50001 SET collation_connection      = @saved_col_connection */;

--
-- Final view structure for view `pass_pop_origin`
--

/*!50001 DROP VIEW IF EXISTS `pass_pop_origin`*/;
/*!50001 SET @saved_cs_client          = @@character_set_client */;
/*!50001 SET @saved_cs_results         = @@character_set_results */;
/*!50001 SET @saved_col_connection     = @@collation_connection */;
/*!50001 SET character_set_client      = utf8mb4 */;
/*!50001 SET character_set_results     = utf8mb4 */;
/*!50001 SET collation_connection      = utf8mb4_0900_ai_ci */;
/*!50001 CREATE ALGORITHM=UNDEFINED */
/*!50013 DEFINER=`root`@`localhost` SQL SECURITY DEFINER */
/*!50001 VIEW `pass_pop_origin` AS select `c`.`City_Name` AS `CITY_NAME`,`c`.`Population` AS `POPULATION`,sum(`fm`.`PASSENGERS`) AS `TOTAL_PASSENGERS`,round((sum(`fm`.`PASSENGERS`) / `c`.`Population`),2) AS `Pass_Pop_Ratio` from (((`city` `c` join `airport` `a` on((`a`.`CITY_NAME` = `c`.`City_Name`))) join `flight` `f` on((`f`.`ORIGIN_AIRPORT_ID` = `a`.`AIRPORT_ID`))) join `flightmetrics` `fm` on((`f`.`FLIGHT_ID` = `fm`.`FLIGHT_ID`))) group by `c`.`City_Name`,`c`.`Population` order by `Pass_Pop_Ratio` desc */;
/*!50001 SET character_set_client      = @saved_cs_client */;
/*!50001 SET character_set_results     = @saved_cs_results */;
/*!50001 SET collation_connection      = @saved_col_connection */;
/*!40103 SET TIME_ZONE=@OLD_TIME_ZONE */;

/*!40101 SET SQL_MODE=@OLD_SQL_MODE */;
/*!40014 SET FOREIGN_KEY_CHECKS=@OLD_FOREIGN_KEY_CHECKS */;
/*!40014 SET UNIQUE_CHECKS=@OLD_UNIQUE_CHECKS */;
/*!40101 SET CHARACTER_SET_CLIENT=@OLD_CHARACTER_SET_CLIENT */;
/*!40101 SET CHARACTER_SET_RESULTS=@OLD_CHARACTER_SET_RESULTS */;
/*!40101 SET COLLATION_CONNECTION=@OLD_COLLATION_CONNECTION */;
/*!40111 SET SQL_NOTES=@OLD_SQL_NOTES */;

-- Dump completed on 2026-02-01  8:59:52
